phoneTimestamp,pm1,pm2_5,pm10,temperature,humidity,bin0,bin1,bin2,bin3,bin4,bin5,bin6,bin7,bin8,bin9,bin10,bin11,bin12,bin13,bin14,bin15,total,gpsLongitude,gpsLatitude,gpsAltitude,gpsAccuracy
1512477694848,0,0,0,21.9,36.8,12336,0,0,0,0,0,0,0,0,0,0,0,0,0,0,0,12336,-3.184069,55.9450312,124,11
1512477759716,1.6543835,2.6376421,3.1397374,21.300001,39.4,163,40,35,24,12,16,6,3,0,0,0,0,0,0,0,0,299,-3.1840272,55.9446085,121,10
1512477780469,1.4302783,2.3735604,3.72597,19.9,40.3,123,40,26,26,14,17,5,0,1,1,0,0,0,0,0,0,253,-3.1839687,55.944341,124,10
1512477801232,1.8246665,2.890167,3.376095,19.1,41.100002,132,54,51,29,10,9,6,3,0,0,0,0,0,0,0,0,294,-3.1836557,55.9440745,130,12
1512477821342,1.6271253,2.8310268,10.55702,18.2,43.100002,124,43,38,27,11,20,9,2,0,1,1,0,0,0,1,0,277,-3.1835931,55.9437328,127,9
1512477842103,1.3389242,2.4253416,3.373458,17.800001,43.9,98,25,42,25,16,10,7,4,1,0,0,0,0,0,0,0,228,-3.1834621,55.9433975,137,4
1512477862864,1.4936044,2.655773,4.2946944,15.7,47,105,39,29,36,9,17,8,1,1,1,0,0,0,0,0,0,246,-3.1833085,55.9431513,134,5
1512477883622,1.3286927,2.4470382,3.40504,13.6,53.7,87,43,29,24,15,14,10,3,1,0,0,0,0,0,0,0,226,-3.1830916,55.9429328,137,3.9
1512477903738,1.5747924,2.7482803,7.4852705,13.6,53.7,119,44,32,28,14,18,4,6,1,0,0,1,0,0,0,0,267,-3.1828357,55.9427582,134,10
1512477923846,1.5684791,2.733824,4.433143,13.7,53,119,45,35,31,10,19,7,3,1,1,0,0,0,0,0,0,271,-3.1825828,55.9425154,133,10
1512477944609,1.7134011,2.8086815,4.960773,13.7,52.7,133,51,44,26,13,14,8,1,1,0,1,0,0,0,0,0,292,-3.1823525,55.9422506,135,10
1512477964718,5.3874655,7.1144624,8.252328,13.7,54.2,681,104,57,39,12,18,13,4,1,0,0,0,0,0,0,0,929,-3.182068,55.9420075,135,10
1512477985476,4.8779674,6.640856,9.092682,13.7,54.4,552,133,65,52,17,13,12,2,1,2,0,0,0,0,0,0,849,-3.1819677,55.9418501,135,13
1512478006238,2.51782,3.6525023,3.9103699,13.7,53.5,237,79,48,29,9,18,7,0,0,0,0,0,0,0,0,0,427,-3.181734,55.9416045,135,13
1512478027645,3.7875462,5.2099557,7.8639064,13.6,54.7,454,88,61,33,15,22,6,2,0,1,1,0,0,0,0,0,683,-3.181315,55.9411696,135,10
1512478048402,1.3914785,2.2369053,3.7544327,13.400001,55.2,130,46,23,23,10,14,4,3,1,1,0,0,0,0,0,0,255,-3.1812321,55.940859,133,12
1512478067218,1.9468879,2.8578446,3.5317585,13.400001,55.4,184,46,38,18,8,13,3,2,1,0,0,0,0,0,0,0,313,-3.1816219,55.9407016,133,10
1512478088627,1.1031922,2.0014822,5.504135,13.3,56,89,25,24,26,10,13,8,0,0,2,1,0,0,0,0,0,198,-3.1821262,55.9406857,123,8
1512478108751,1.4969392,2.5975668,7.752415,13.1,56.4,112,40,29,24,10,16,9,2,0,1,0,1,0,0,0,0,244,-3.1826398,55.9405451,127,13
1512478128849,1.3723149,2.2638283,2.6042814,12.900001,56.9,98,40,33,17,14,10,7,1,0,0,0,0,0,0,0,0,220,-3.1830357,55.9404215,127,6
1512478149612,1.1907929,2.2248585,3.5061283,12.8,57.8,79,31,30,24,9,9,10,3,2,0,0,0,0,0,0,0,197,-3.1834329,55.9403587,126,4
1512478169721,1.2513084,2.1381536,2.4134033,12.6,58.600002,83,29,31,26,5,10,8,0,0,0,0,0,0,0,0,0,192,-3.1838869,55.9402947,120,8
1512478190483,1.2046578,2.2140126,3.9132144,12.3,59.600002,92,21,30,26,10,11,8,2,1,1,0,0,0,0,0,0,202,-3.184345,55.9400702,120,5
1512478210590,1.1585302,2.0349326,3.3047054,12,60,90,29,28,24,8,10,8,2,0,1,0,0,0,0,0,0,200,-3.1849554,55.9399279,129,9
1512478231456,1.424512,2.5480125,3.8907595,11.8,61.100002,99,35,31,40,15,10,8,2,0,1,0,0,0,0,0,0,241,-3.1854121,55.9398115,130,8
1512478252855,1.2858682,2.4340544,4.892046,11.7,61.100002,100,40,26,25,16,19,11,3,1,0,1,0,0,0,0,0,242,-3.1858364,55.9397992,128,7
1512478274245,1.1251063,1.8860478,2.919759,11.7,61.2,74,33,24,20,8,14,3,0,0,1,0,0,0,0,0,0,177,-3.1862109,55.9397292,133,6
1512478293080,1.3035752,2.2619398,4.4222264,11.6,61.8,86,28,37,22,12,8,4,1,3,1,0,0,0,0,0,0,202,-3.1865613,55.9397031,140,8
1512478313199,1.3256903,2.403831,4.4230504,11.5,62,94,40,25,25,8,19,7,2,2,1,0,0,0,0,0,0,223,-3.1868596,55.9397341,130,8
1512478333313,1.1581916,2.1382658,4.1681848,11.5,62.3,89,33,25,25,12,15,8,0,3,1,0,0,0,0,0,0,211,-3.18731,55.9397258,131,8
1512478354073,1.3877431,2.749283,4.4737344,11.400001,62.7,68,42,40,19,10,16,15,2,3,0,0,0,0,0,0,0,215,-3.1879023,55.9396811,124,6
1512478374170,1.3909792,2.6152306,3.6082268,11.3,62.7,99,27,29,32,21,20,6,0,2,0,0,0,0,0,0,0,236,-3.1884462,55.9396825,128,8
1512478394928,1.5985993,2.823008,3.6933618,11.3,63,121,40,31,30,11,14,10,5,0,0,0,0,0,0,0,0,262,-3.1889494,55.9396661,129,7
1512478415137,1.5788887,2.9903383,4.7192183,11.3,63.100002,113,36,33,25,15,18,10,6,2,0,0,0,0,0,0,0,258,-3.1895145,55.9396959,117,6
1512478435260,1.6303604,2.9677358,5.1772766,11.3,63.5,90,53,37,40,13,9,11,3,2,1,0,0,0,0,0,0,259,-3.1898586,55.9397476,117,8
1512478456004,1.4451776,2.6309114,3.63387,11,64.3,88,48,29,28,10,16,10,3,1,0,0,0,0,0,0,0,233,-3.1907026,55.9397759,117,4
1512478476122,1.3045684,2.3512003,5.8396883,11.1,64.200005,90,37,30,26,12,16,5,2,2,1,1,0,0,0,0,0,222,-3.1912306,55.9398268,116,7
1512478496220,1.4016399,2.5539732,4.919967,11,64.5,98,41,31,22,13,14,11,3,0,2,0,0,0,0,0,0,235,-3.1916381,55.9399157,119,7
1512478516987,1.3406622,2.593975,3.4532402,11,64.4,79,38,34,28,18,15,13,1,1,0,0,0,0,0,0,0,227,-3.191621,55.9401762,116,5
1512478538418,1.2393221,2.1575303,2.7494967,10.8,65.8,80,34,30,28,13,14,3,1,1,0,0,0,0,0,0,0,204,-3.1915965,55.9404806,115,5
1512478558522,1.405016,2.6458075,5.606114,10.400001,66.9,72,47,28,26,14,20,5,0,5,1,0,0,0,0,0,0,218,-3.1915886,55.9408034,113,6
1512478578535,1.1909871,2.330614,6.9187107,10.1,68.3,65,28,27,32,11,18,5,1,2,0,2,0,0,0,0,0,191,-3.1915432,55.9410725,124,6
1512478598643,1.314007,2.2663138,2.7226083,9.8,69.700005,76,37,28,24,10,10,6,2,0,0,0,0,0,0,0,0,193,-3.1915733,55.9413641,127,5
1512478619405,1.2158753,2.234258,12.663193,9.6,70.5,72,35,21,32,14,11,7,2,0,0,0,0,0,0,1,1,196,-3.191544,55.9416322,125,5
1512478639517,1.3691318,2.4334853,2.998543,9.5,71.5,78,32,37,14,14,15,5,3,0,0,0,0,0,0,0,0,198,-3.1915272,55.9418858,124,6
1512478660273,1.2016544,2.1908786,2.6731124,9.400001,72,78,26,26,23,10,15,6,2,0,0,0,0,0,0,0,0,186,-3.1914754,55.9421022,120,5
1512478681138,1.1932592,2.0955498,3.0865984,9.400001,71.8,73,33,22,19,9,12,6,0,2,0,0,0,0,0,0,0,176,-3.1915916,55.9425094,125,7
1512478702442,1.1172874,2.0391135,2.4445035,9.3,72.200005,85,25,21,14,11,19,7,1,0,0,0,0,0,0,0,0,183,-3.1921196,55.9425717,130,5
1512478721261,1.0155684,2.0401328,3.6774626,9.3,72.5,70,26,22,13,10,19,7,3,3,0,0,0,0,0,0,0,173,-3.1926503,55.9426042,130,6
1512478741458,1.4324754,2.3689458,3.3061366,9.3,72.700005,99,40,29,28,14,10,3,1,2,0,0,0,0,0,0,0,226,-3.1932265,55.9426187,127,5
1512478762882,1.4422959,2.760494,5.9746213,9.3,72.8,98,33,36,24,19,11,11,5,2,0,1,0,0,0,0,0,240,-3.1936776,55.9426343,125,5
1512478782979,1.4600062,2.991547,4.2240076,9.3,72.9,86,42,34,36,16,17,19,3,1,0,0,0,0,0,0,0,254,-3.1941617,55.9426003,124,7
1512478804945,1.393058,2.4765167,4.204357,9.400001,72.700005,92,48,28,29,14,12,8,3,1,1,0,0,0,0,0,0,236,-3.1946303,55.9425723,119,6
1512478824499,1.6296784,2.6907854,5.042939,9.5,72.5,146,40,33,28,8,21,4,2,1,2,0,0,0,0,0,0,285,-3.1949829,55.942583,131,7
1512478845173,1.5593665,2.7382364,4.9426756,9.6,71.4,96,40,49,18,9,9,9,4,2,1,0,0,0,0,0,0,237,-3.1955103,55.9425922,127,12
1512478866026,1.5343528,2.728995,3.8138607,9.7,70.9,92,37,41,24,13,8,9,4,1,0,0,0,0,0,0,0,229,-3.195917,55.9425511,125,11
1512478888082,1.5316557,2.7570517,3.7491648,9.8,70.5,123,37,27,18,15,19,12,2,1,0,0,0,0,0,0,0,254,-3.1965031,55.9424688,132,8
1512478908197,1.7685376,2.9163961,5.524418,9.900001,70,166,37,30,22,14,15,9,3,1,0,1,0,0,0,0,0,298,-3.1966333,55.9424497,130,7
1512478928949,1.4722958,2.4281812,2.8044653,10,69.8,117,30,29,16,7,18,6,1,0,0,0,0,0,0,0,0,224,-3.1970146,55.9424235,128,7
1512478950364,1.8116893,2.9021113,5.618557,10,69.4,165,36,40,29,9,21,4,0,0,3,0,0,0,0,0,0,307,-3.197462,55.9424159,122,9
1512478973070,1.5533787,2.6883037,7.455689,10.1,69.1,128,37,37,29,11,19,8,2,0,1,0,1,0,0,0,0,273,-3.1979719,55.9423821,123,8
1512478993818,1.545845,2.7040288,3.9723947,10.1,69,102,36,38,25,15,18,6,1,0,1,0,0,0,0,0,0,242,-3.198432,55.9423585,126,5
1512479014579,1.3511251,2.295748,6.097937,10.1,68.8,106,33,23,22,9,13,3,3,2,1,1,0,0,0,0,0,216,-3.1989074,55.9423076,120,10
1512479034612,1.5975337,2.6926975,4.2217474,10.1,68.9,125,36,33,29,8,16,8,0,1,1,0,0,0,0,0,0,257,-3.1993075,55.9422257,123,7
1512479056752,1.5475948,2.4296381,4.321661,10.1,68.8,134,42,26,21,11,9,4,2,2,1,0,0,0,0,0,0,252,-3.1997106,55.9421985,124,6
1512479076211,1.7964067,3.0179498,4.4537754,10.1,68.9,136,45,39,24,13,15,10,2,0,1,0,0,0,0,0,0,285,-3.2001648,55.9421318,126,9
1512479096329,1.7737294,2.9738476,9.466329,10.1,68.700005,146,52,34,22,10,21,6,6,1,0,0,0,0,1,0,0,299,-3.2005955,55.9421245,130,9
1512479117735,1.4651527,2.4773989,3.5565772,10.1,68.4,111,48,33,23,9,14,8,2,2,0,0,0,0,0,0,0,250,-3.2007895,55.9423344,128,4
1512479139137,2.0297666,3.506351,5.0282297,10.2,68.200005,157,60,45,39,16,20,13,3,0,1,0,0,0,0,0,0,354,-3.2011122,55.9426126,135,4
1512479159867,2.2411075,3.54173,11.654176,10.2,67.8,157,66,52,32,19,10,4,3,2,0,1,0,1,0,0,0,347,-3.2014955,55.9428585,121,5
1512479180019,1.694691,2.9648392,4.9800534,10.3,67.6,135,39,45,24,13,16,11,2,2,1,0,0,0,0,0,0,288,-3.2017902,55.9430896,125,3
1512479200683,1.649585,2.787379,4.7869787,10.3,67.5,122,53,40,22,14,11,9,3,2,1,0,0,0,0,0,0,277,-3.2019796,55.9433743,125,8
1512479221533,1.4305133,2.547974,5.590754,10.400001,67.4,94,43,35,20,10,18,8,3,0,1,1,0,0,0,0,0,233,-3.2024417,55.943494,128,6
1512479243606,1.2917053,2.4575825,5.119691,10.400001,67.4,90,43,26,28,11,19,9,4,1,2,0,0,0,0,0,0,233,-3.202925,55.9436315,124,4
1512479263050,1.6754488,2.9745142,5.364027,10.400001,67.4,125,51,38,19,8,23,13,4,0,0,1,0,0,0,0,0,282,-3.2031404,55.9438468,128,17
1512479287063,108.47161,158.40524,161.1229,10.400001,67.5,6076,4758,3710,1997,538,150,22,2,0,0,0,0,0,0,0,0,17253,-3.2030065,55.9440489,146,9
1512479308379,2.1528585,3.2731616,3.7788167,10.400001,67,203,76,49,33,8,9,13,2,0,0,0,0,0,0,0,0,393,-3.2022131,55.9444516,135,7
1512479329231,2.0069435,3.1232944,5.4567895,10.5,66.8,160,64,48,31,15,8,8,0,2,0,1,0,0,0,0,0,337,-3.2020217,55.9445369,129,6
1512479350639,1.6706505,2.8968003,4.5094047,10.5,67.1,124,46,45,27,15,17,9,2,1,1,0,0,0,0,0,0,287,-3.2014331,55.9445994,127,8
1512479370657,1.612188,2.80391,3.8067148,10.6,66.6,135,39,41,24,15,17,12,0,2,0,0,0,0,0,0,0,285,-3.2008817,55.9447705,136,7
1512479393450,1.4273813,2.5213988,5.1170464,10.7,66.3,119,48,30,35,16,20,3,4,2,2,0,0,0,0,0,0,279,-3.2003437,55.9448633,141,9
1512479414861,1.3438921,2.512998,6.0090966,10.7,66.4,85,41,42,22,21,17,9,2,0,2,1,0,0,0,0,0,242,-3.1997245,55.9447777,139,9
1512479434990,1.5480605,2.6300535,4.6563606,10.8,66.1,129,49,33,18,15,17,11,2,0,0,1,0,0,0,0,0,275,-3.1993357,55.9449333,140,10
1512479455660,1.3778341,2.4396815,3.411237,10.900001,65.9,104,42,35,32,15,13,9,1,2,0,0,0,0,0,0,0,253,-3.1988867,55.9449798,141,7
1512479477160,1.4705033,2.4969618,8.637296,10.900001,65.700005,103,43,40,23,13,11,8,1,1,1,0,0,0,0,1,0,245,-3.1984068,55.9449455,140,5
1512479497918,6.425156,8.546695,13.500959,11,65.8,624,192,135,32,17,14,5,3,1,1,0,1,0,0,0,0,1025,-3.1979349,55.9449119,139,7
1512479518013,2.4201314,3.6532905,4.6196833,11,65.8,279,53,41,23,15,21,8,4,1,0,0,0,0,0,0,0,445,-3.1975791,55.9448848,137,5
1512479539432,1.1367571,2.146108,2.8933191,11,65.3,88,32,25,28,13,15,11,1,1,0,0,0,0,0,0,0,214,-3.1969992,55.9448124,146,9
1512479558236,1.3309332,2.3989854,3.3778973,11,65.200005,99,39,30,32,12,11,9,4,1,0,0,0,0,0,0,0,237,-3.1965293,55.9447898,140,8
1512479580959,1.3436457,2.313658,7.9562063,11,64.9,110,39,33,23,13,7,5,5,3,1,0,1,0,0,0,0,240,-3.1959958,55.9449089,145,5
1512479599665,1.4529121,2.6499226,5.9610405,11,64.8,108,41,31,30,20,19,5,4,1,1,1,0,0,0,0,0,261,-3.1956643,55.9449843,142,10
1512479621180,1.3599958,2.4946728,8.611941,11,65,114,32,34,31,12,24,9,1,0,1,0,0,1,0,0,0,259,-3.1950719,55.94485,145,3.9
1512479642590,1.3212893,2.4013512,9.60075,11,65.1,118,35,26,24,18,18,7,2,3,1,0,0,0,1,0,0,253,-3.1946187,55.9448584,141,7
1512479662688,1.3298328,2.301439,3.227337,11.1,65,89,57,26,20,10,16,7,4,1,0,0,0,0,0,0,0,230,-3.1940147,55.9449465,144,4
1512479684097,1.4722127,2.5826452,5.583426,11.1,65,113,50,34,25,12,21,8,2,1,1,1,0,0,0,0,0,268,-3.1935672,55.9450045,144,4
1512479704874,1.6629107,2.9976218,14.182638,11.1,64.8,145,46,31,37,12,21,10,5,1,2,0,1,1,0,0,0,312,-3.193267,55.9451432,148,9
1512479725609,1.5436943,2.818694,10.52837,11.1,64.5,111,53,40,32,19,17,11,3,1,1,2,1,0,0,0,0,291,-3.1931419,55.9451496,144,3.9
1512479746936,1.3433009,2.4177825,5.084352,11.1,64.8,109,40,30,21,14,18,8,3,2,0,1,0,0,0,0,0,246,-3.1928236,55.945146,146,4
1512479767787,1.5232707,2.7038364,4.599969,11.2,64.8,115,44,34,34,14,18,7,2,2,1,0,0,0,0,0,0,271,-3.1923457,55.9451931,148,4
1512479789194,3.3603566,5.4546175,10.159944,11.2,64.6,340,99,56,45,18,35,15,7,4,3,0,0,0,0,0,0,622,-3.1921971,55.9452306,137,14
1512479811266,2.1347742,3.6844234,14.514514,11.2,64.9,214,47,38,34,28,20,11,3,4,1,2,0,1,0,0,0,403,-3.19159,55.9452636,141,5
1512479831375,1.3118074,2.3068025,5.150407,11.2,64.700005,95,38,32,17,16,13,8,2,0,1,1,0,0,0,0,0,223,-3.1913048,55.9450778,142,5
1512479850826,1.3340919,2.4171495,2.8999345,11.1,64.4,97,31,34,32,14,15,8,2,0,0,0,0,0,0,0,0,233,-3.1912981,55.9447666,141,7
1512479871498,1.0572889,2.082269,3.4134316,10.8,65.4,79,19,33,19,12,10,10,4,2,0,0,0,0,0,0,0,188,-3.1913586,55.9444695,140,9
1512479892994,1.0744634,2.1485126,5.0745516,10.5,66,95,28,21,24,12,14,12,5,2,0,1,0,0,0,0,0,214,-3.1912961,55.944131,149,7
1512479913752,1.2851735,2.3910813,4.1926246,10.3,67.1,79,47,32,30,21,9,11,1,2,1,0,0,0,0,0,0,233,-3.1912653,55.9438641,149,5
1512479934533,1.1567221,2.0893345,6.4689603,10.3,67.200005,79,39,26,20,4,16,8,3,1,0,0,1,0,0,0,0,197,-3.1910784,55.9440365,142,11
1512479953966,1.2578536,2.2341247,6.7728543,10.400001,66.700005,95,40,28,14,14,17,7,2,2,0,0,1,0,0,0,0,220,-3.1904747,55.944122,140,9
1512479974643,1.1826121,2.0350747,3.4093194,10.5,66.4,86,35,27,20,2,20,5,0,1,1,0,0,0,0,0,0,197,-3.1899232,55.9442213,141,9
1512479995513,1.103646,2.0684488,3.2502284,10.6,66.1,64,32,36,19,14,13,9,1,0,1,0,0,0,0,0,0,189,-3.1894452,55.9443071,144,5
1512480015609,1.1312687,2.1074584,2.6298277,10.6,66.1,73,35,23,22,11,15,9,2,0,0,0,0,0,0,0,0,190,-3.1890457,55.9443553,138,4
1512480035632,1.281981,2.4103003,4.7830777,10.7,66,93,33,33,32,12,20,7,3,1,0,1,0,0,0,0,0,235,-3.188606,55.9444484,138,8
1512480057133,1.0937679,1.8824748,6.6180005,10.7,66,74,33,27,26,9,11,4,0,1,1,0,1,0,0,0,0,187,-3.1877565,55.9444904,139,7
1512480076589,1.1029927,2.184298,8.68387,10.7,65.6,77,31,24,21,13,18,10,2,2,0,0,0,1,0,0,0,199,-3.1874939,55.9445933,145,8
1512480097347,1.2122167,2.0579963,2.8643084,10.8,65.700005,86,35,26,26,12,13,3,0,2,0,0,0,0,0,0,0,203,-3.1868722,55.9446442,140,11
1512480117462,1.0820163,2.1288598,3.5771275,10.8,65.700005,74,34,18,30,13,18,8,3,0,1,0,0,0,0,0,0,199,-3.1864132,55.9446735,137,8
1512480138236,1.307338,2.20835,2.9398222,10.8,65.4,101,26,38,20,8,10,6,2,1,0,0,0,0,0,0,0,212,-3.1862002,55.944539,133,4
1512480158995,0.97364426,1.7236787,3.8663487,10.6,65.700005,76,24,24,18,3,10,4,2,3,1,0,0,0,0,0,0,165,-3.1859788,55.9444852,135,14
1512480179103,1.1459357,2.1563907,2.9863517,10.3,66.9,80,31,27,18,12,11,13,1,1,0,0,0,0,0,0,0,194,-3.1862238,55.944246,146,9
1512480199840,1.0988542,1.9676005,2.4860554,10.400001,67,79,30,24,25,9,12,6,3,0,0,0,0,0,0,0,0,188,-3.1859828,55.9444239,131,11
1512480219972,1.1834781,1.9809504,2.7129273,10.400001,66.9,91,40,17,25,12,7,6,2,1,0,0,0,0,0,0,0,201,-3.1853086,55.9446713,132,8
1512480240630,1.9940729,3.176427,7.2005477,10.5,66.700005,164,70,38,18,12,16,13,2,0,0,0,1,0,0,0,0,334,-3.1849744,55.9448758,128,8
1512480260848,1.6076958,2.5911367,5.412404,10.5,66.4,145,47,29,21,10,14,7,1,3,0,1,0,0,0,0,0,278,-3.1847113,55.9450298,130,6
1512480280856,1.4898726,2.5157995,26.096935,10.6,66.3,144,41,28,22,13,9,8,4,3,1,0,5,0,0,1,0,279,-3.1843711,55.9451962,133,7
1512480300969,2.3651812,3.507174,5.0749354,10.6,65.9,267,51,34,25,4,14,10,3,3,0,0,0,0,0,0,0,411,-3.1843532,55.9451822,131,6
1512480344433,1.3971785,2.4443407,9.030489,NaN,NaN,106,45,27,27,12,12,10,3,0,1,0,0,1,0,0,0,244,-3.1840213,55.945159,127,3.9
1512480407360,2.1833866,3.4728065,5.114793,10.1,67.8,187,72,43,40,12,17,8,3,1,1,0,0,0,0,0,0,384,-3.1838879,55.9452456,134,15
1512480428773,1.480456,2.4585195,4.4888735,10.400001,67.200005,134,41,37,23,9,14,6,2,3,1,0,0,0,0,0,0,270,-3.1838887,55.9452461,133,49
1512480449531,1.5960695,2.5842588,3.1753662,10.6,67.9,137,49,37,22,10,16,9,0,1,0,0,0,0,0,0,0,281,-3.1838895,55.9452467,132,26
1512480470291,1.5813693,2.5757666,13.33516,10.8,68.200005,123,61,33,24,14,11,8,2,1,1,0,0,1,0,1,0,280,-3.1838913,55.9452463,131,9
1512480491049,1.2283877,2.2513938,5.6346774,11,68.6,89,40,34,18,14,16,6,3,2,3,0,0,0,0,0,0,225,-3.1838929,55.945246,131,49
1512480511811,1.3552557,2.3584979,4.4900355,11.2,74.1,111,38,36,21,6,14,10,3,0,2,0,0,0,0,0,0,241,-3.183893,55.945246,131,52
1512480532569,1.2688372,2.6550493,9.816556,11.5,75.4,100,41,31,25,13,23,14,8,2,3,0,1,0,0,0,0,261,-3.1838928,55.9452457,131,29
1512494193956,0,0,0,23.7,40,12336,0,0,0,0,0,0,0,0,0,0,0,0,0,0,0,12336,-3.1841565,55.9449315,127,10
1512494193973,0,0,0,23.7,40,12336,0,0,0,0,0,0,0,0,0,0,0,0,0,0,0,12336,-3.1841565,55.9449315,127,10
1512494214709,0,0,0,23.300001,39,0,0,0,0,0,0,0,0,0,0,0,0,0,0,0,0,0,-3.1839403,55.944785,137,9
1512494214712,0,0,0,23.300001,39,0,0,0,0,0,0,0,0,0,0,0,0,0,0,0,0,0,-3.1839403,55.944785,137,9
1512494234823,0.7263221,1.1329359,1.6134125,22.6,36.600002,90,15,12,8,8,6,3,1,6164,9500,52429,16492,10000,0,40962,16802,152492,-3.1838149,55.9445536,133,7
1512494279584,1.1036315,1.6038724,1.7356229,22.6,36.600002,115,27,21,14,3,7,4,0,0,0,0,0,0,0,0,0,191,-3.1835928,55.943979,131,10
1512494299696,0.9175603,1.347808,1.6345339,20.2,38.7,112,15,12,14,8,2,3,2,0,0,0,0,0,0,0,0,168,-3.183503,55.9436745,131,10
1512494320456,1.1685927,1.5919883,3.6434836,19.5,39.5,146,23,14,7,4,4,3,1,1,0,1,0,0,0,0,0,204,-3.1834499,55.9434266,129,7
1512494340573,0.9944601,1.3551315,1.4145052,18.4,41.100002,113,22,12,12,4,6,1,0,0,0,0,0,0,0,0,0,170,-3.1832217,55.943134,131,8
1512494360684,1.1384817,1.6148113,2.326961,17.2,43.600002,118,29,18,13,5,4,2,0,2,0,0,0,0,0,0,0,191,-3.1829212,55.9430432,130,7
1512494381443,0.83621895,1.2516612,1.7335544,15.900001,46.7,102,17,11,12,5,7,2,1,1,0,0,0,0,0,0,0,158,-3.1824559,55.9427943,135,8
1512494403494,2.0461557,2.9801836,4.354674,15.400001,45.3,199,60,46,19,8,7,6,0,4,0,0,0,0,0,0,0,349,-3.1822406,55.9423982,140,10
1512494422959,1.6961958,2.3029125,2.7666066,15.2,47,208,43,20,15,5,8,5,0,1,0,0,0,0,0,0,0,305,-3.1820942,55.9421675,132,4
1512494442514,1.7917287,2.459568,3.3804564,15.1,46.100002,240,49,14,19,6,9,5,2,2,0,0,0,0,0,0,0,346,-3.1819716,55.9420987,136,11
1512494463935,1.558604,2.0389009,2.4218478,15,47.600002,207,44,20,8,6,7,3,0,1,0,0,0,0,0,0,0,296,-3.1816271,55.9417038,137,7
1512494484024,0.8998281,1.1836498,1.4058803,14.900001,48.4,126,26,7,13,2,1,2,2,0,0,0,0,0,0,0,0,179,-3.1812452,55.9414295,140,9
1512494504786,1.422085,2.0363147,2.6688125,14.5,50,204,30,21,12,5,9,7,2,1,0,0,0,0,0,0,0,291,-3.181119,55.9412603,142,7
1512494525469,1.0717788,1.5784962,3.5508654,14.2,50.8,147,24,18,9,6,6,4,2,1,2,0,0,0,0,0,0,219,-3.1808636,55.9410017,138,12
1512494545666,1.705117,2.3057735,3.5136383,14,50.2,211,45,25,13,5,4,6,0,1,1,0,0,0,0,0,0,311,-3.1814876,55.9408472,132,9
1512494565783,0.9309085,1.2736338,1.6444919,13.8,51.5,112,19,16,7,4,3,2,0,1,0,0,0,0,0,0,0,164,-3.1820479,55.9406762,124,8
1512494586548,0.89966136,1.2701561,1.4777715,13.6,53.2,113,22,12,6,4,5,4,1,0,0,0,0,0,0,0,0,167,-3.1826035,55.9405343,133,5
1512494607208,0.85214937,1.3239908,1.6786956,13.3,53.2,106,19,7,8,7,8,5,2,0,0,0,0,0,0,0,0,162,-3.1830316,55.9404748,127,5
1512494626668,1.0849384,1.4728727,2.0251906,13.3,52.8,137,17,16,9,3,3,1,2,1,0,0,0,0,0,0,0,189,-3.1835376,55.9403681,123,5
1512494646816,0.7862041,1.091531,1.2850885,13.2,52.600002,110,14,4,10,2,5,3,1,0,0,0,0,0,0,0,0,149,-3.1839812,55.9402696,115,9
1512494666987,0.87267077,1.2586387,1.3366488,13.1,53.3,91,17,16,11,6,4,2,0,0,0,0,0,0,0,0,0,147,-3.1842189,55.9402083,123,8
1512494687746,0.9803842,1.4910842,2.8082185,12.7,55.9,112,24,13,10,0,7,4,4,0,1,0,0,0,0,0,0,175,-3.1847755,55.939982,127,6
1512494707761,1.0365553,1.4041309,3.089254,12.5,55.5,135,18,14,8,2,4,3,1,0,0,1,0,0,0,0,0,186,-3.185242,55.9399106,116,7
1512494727301,1.2981982,1.8355856,2.4637868,12.5,54.3,145,30,22,8,3,5,4,2,1,0,0,0,0,0,0,0,220,-3.1856746,55.9398733,128,8
1512494747991,0.88488525,1.2169664,1.2833544,12.400001,55.8,110,16,13,13,6,2,2,0,0,0,0,0,0,0,0,0,162,-3.1861359,55.9398141,133,6
1512494768104,1.0539249,1.4152974,1.6074519,12.3,55.5,123,29,10,8,3,4,3,1,0,0,0,0,0,0,0,0,181,-3.1867306,55.9397402,134,8
1512494787649,1.0566415,1.4872187,1.9809432,12.1,57.9,122,22,14,14,2,5,2,1,1,0,0,0,0,0,0,0,183,-3.1872107,55.9396845,135,7
1512494808410,1.3028831,1.8224406,2.050118,11.900001,57.8,150,25,22,10,4,6,4,1,0,0,0,0,0,0,0,0,222,-3.1877849,55.9396857,122,4
1512494828515,1.0399675,1.3928169,1.5394295,11.8,58.8,127,18,14,11,3,4,1,1,0,0,0,0,0,0,0,0,179,-3.1883308,55.9397048,120,5
1512494849193,1.3894526,2.1222568,5.336364,11.7,58.2,133,34,22,15,4,7,4,0,4,2,0,0,0,0,0,0,225,-3.1888888,55.9396798,117,9
1512494869946,1.2516307,1.7445762,1.9774321,11.6,59.5,128,34,17,10,2,6,4,1,0,0,0,0,0,0,0,0,202,-3.1893832,55.939709,120,6
1512494889507,1.1021137,1.6563605,2.2261884,11.5,60.600002,120,21,18,12,2,9,4,1,1,0,0,0,0,0,0,0,188,-3.1898411,55.9396925,124,6
1512494910172,1.224329,1.7496362,2.3466558,11.3,60.5,133,28,16,6,4,6,5,1,1,0,0,0,0,0,0,0,200,-3.1904135,55.9397793,125,7
1512494930290,1.2067137,1.6087341,1.8364143,11.1,61.7,152,27,7,8,6,4,4,1,0,0,0,0,0,0,0,0,209,-3.1908738,55.9398683,122,9
1512494950399,1.1889629,1.6460384,2.191523,11.1,61.4,126,34,8,6,6,8,2,1,1,0,0,0,0,0,0,0,192,-3.1912813,55.9398721,121,4
1512494970590,1.1662408,1.520176,2.3991134,11.1,61.5,150,24,8,10,3,9,0,0,0,1,0,0,0,0,0,0,205,-3.19162,55.9399352,116,5
1512494991270,1.1166248,1.4257007,1.4986776,10.900001,61.9,130,27,10,8,1,4,2,0,0,0,0,0,0,0,0,0,182,-3.1916232,55.9402459,118,7
1512495011453,1.0721426,1.6170079,2.202112,10.6,63.600002,120,13,20,3,10,6,4,1,1,0,0,0,0,0,0,0,178,-3.1915932,55.9405705,126,7
1512495032138,1.0267187,1.3378536,1.4505838,10.1,65.1,130,23,2,9,0,7,3,0,0,0,0,0,0,0,0,0,174,-3.1915309,55.940865,120,9
1512495052250,1.0607883,1.3803726,1.4612862,9.900001,65.6,122,21,13,4,0,6,2,0,0,0,0,0,0,0,0,0,168,-3.1915049,55.9410815,120,6
1512495072356,1.010292,1.3832113,1.80936,9.7,66.5,111,19,15,8,4,1,3,0,1,0,0,0,0,0,0,0,162,-3.1914712,55.9412716,119,8
1512495094413,1.1673355,1.5981513,1.7394897,9.8,65.3,150,20,11,5,8,7,4,0,0,0,0,0,0,0,0,0,205,-3.191494,55.9414765,116,6
1512495113229,1.0664691,1.5176265,2.9013026,9.900001,63.9,121,26,11,5,7,5,3,1,1,1,0,0,0,0,0,0,181,-3.1914647,55.9414888,127,7
1512495133993,0.9938937,1.3316537,1.5523276,10,63.8,124,17,13,6,6,4,0,2,0,0,0,0,0,0,0,0,172,-3.1914773,55.9416238,117,4
1512495154103,0.9768996,1.3543699,1.5144141,9.900001,65.4,106,17,14,10,3,5,1,1,0,0,0,0,0,0,0,0,157,-3.1914557,55.9418737,132,9
1512495174861,1.0076647,1.3506471,1.6299223,9.8,65.8,120,17,11,6,2,3,2,2,0,0,0,0,0,0,0,0,163,-3.1914728,55.9420897,126,10
1512495195621,1.0747147,1.375425,1.5008955,9.8,65.9,124,21,13,6,2,4,0,1,0,0,0,0,0,0,0,0,171,-3.1914117,55.9422797,124,12
1512495215820,0.91415465,1.2526189,1.6469772,9.900001,64.6,104,16,10,11,3,4,1,0,1,0,0,0,0,0,0,0,150,-3.1914556,55.9423807,131,8
1512495236587,0.8187762,1.1096069,1.1867105,9.900001,65.6,98,9,11,6,2,4,2,0,0,0,0,0,0,0,0,0,132,-3.1914511,55.9424115,131,7
1512495256629,1.2020681,1.6341641,2.0740452,9.900001,65.8,133,11,21,5,5,3,2,0,1,0,0,0,0,0,0,0,181,-3.1917542,55.9425533,133,8
1512495277460,1.2299132,1.6631756,2.7538407,9.5,68.200005,134,22,13,9,5,5,1,1,0,1,0,0,0,0,0,0,191,-3.1921952,55.9425583,130,9
1512495297476,1.0870755,1.4375272,1.5046432,9.3,69.700005,137,11,9,7,7,6,1,0,0,0,0,0,0,0,0,0,178,-3.1926369,55.94261,130,9
1512495317675,1.2779275,1.6674793,1.7673625,9.1,70.5,151,22,14,7,7,2,3,0,0,0,0,0,0,0,0,0,206,-3.1931421,55.9426633,116,7
1512495338348,1.115899,1.5215398,1.7846955,9,70.9,138,23,7,7,1,6,5,1,0,0,0,0,0,0,0,0,188,-3.1935821,55.9426742,117,9
1512495358543,1.1795498,1.6967613,2.4368446,9.1,70.4,137,25,10,5,4,5,6,2,1,0,0,0,0,0,0,0,195,-3.1940452,55.9426251,120,12
1512495378658,1.0843562,1.4387981,1.5356685,9.3,69.6,120,22,14,9,1,3,3,0,0,0,0,0,0,0,0,0,172,-3.1947154,55.9425229,119,9
1512495399334,1.1538634,1.5821618,5.877144,9.3,69.5,136,15,16,8,3,4,2,1,1,0,0,1,0,0,0,0,187,-3.1952145,55.9424851,123,7
1512495420091,1.2898505,1.7420188,2.5878963,9.400001,69.3,147,23,15,4,4,8,0,1,2,0,0,0,0,0,0,0,204,-3.1956379,55.942454,122,9
1512495440207,1.2456901,1.6038058,1.7343738,9.5,68.200005,148,20,12,5,0,4,4,0,0,0,0,0,0,0,0,0,193,-3.1959493,55.9424608,120,10
1512495460403,1.0925413,1.4559071,1.6118082,9.6,67.1,133,18,10,13,4,4,1,1,0,0,0,0,0,0,0,0,184,-3.1962757,55.9424336,120,9
1512495481079,1.1271745,1.6736679,2.0391743,9.6,68.1,124,19,13,11,4,8,4,2,0,0,0,0,0,0,0,0,185,-3.1968106,55.9424158,120,7
1512495501192,0.9616566,1.2704822,1.3316754,9.7,67.3,116,15,9,6,4,6,1,0,0,0,0,0,0,0,0,0,157,-3.1972976,55.9424127,121,14
1512495520732,1.2919441,1.7903123,3.6459513,9.8,67,126,32,19,8,7,3,3,1,0,0,1,0,0,0,0,0,200,-3.1978368,55.9423835,118,8
1512495540848,1.3433105,1.7684064,1.871117,9.8,67.1,141,32,16,8,5,3,3,0,0,0,0,0,0,0,0,0,208,-3.1981683,55.9423489,120,8
1512495560951,1.216727,1.6422684,1.7110837,9.8,66.5,139,15,17,10,4,7,1,0,0,0,0,0,0,0,0,0,193,-3.1986511,55.9422988,119,9
1512495581056,1.3126088,1.6869596,2.0632882,9.900001,66.3,141,33,13,7,3,6,0,0,1,0,0,0,0,0,0,0,204,-3.1990624,55.9422689,118,10
1512495601844,1.3578899,1.780549,3.0587132,10,66.1,167,30,8,11,5,5,2,0,1,1,0,0,0,0,0,0,230,-3.1996249,55.9422424,121,10
1512495621940,1.2344227,1.6836107,1.7935554,10,65.8,130,28,19,8,3,6,3,0,0,0,0,0,0,0,0,0,197,-3.1999965,55.9421561,127,11
1512495642627,1.6345352,2.1604025,2.284271,10.1,65.9,181,33,26,12,3,3,4,0,0,0,0,0,0,0,0,0,262,-3.2006372,55.9421099,121,8
1512495664027,1.2783393,1.7010518,2.2159898,10.1,65.700005,146,33,10,9,4,5,2,1,1,0,0,0,0,0,0,0,211,-3.200841,55.9423915,125,7
1512495684125,1.4783585,2.0316732,2.4831548,10.1,64.8,167,29,17,8,2,6,4,3,0,0,0,0,0,0,0,0,236,-3.2012446,55.9426471,127,5
1512495704898,1.2589833,1.8073809,2.1250458,10.2,65.3,139,30,11,11,5,5,7,1,0,0,0,0,0,0,0,0,209,-3.2015751,55.9428657,128,4
1512495725002,1.4815912,1.9290186,3.3763385,10.3,64.9,194,21,12,3,3,6,3,1,1,1,0,0,0,0,0,0,245,-3.2018659,55.9430908,126,7
1512495744543,1.2145461,1.724153,1.9222335,10.2,65.5,142,20,12,9,6,6,6,0,0,0,0,0,0,0,0,0,201,-3.2021964,55.9432797,126,9
1512495765979,1.1453537,1.4620398,3.2121167,10.3,64.8,128,23,17,6,1,1,1,1,0,0,1,0,0,0,0,0,179,-3.2025598,55.9434271,129,8
1512495787936,1.0934185,1.5134933,1.862117,10.3,65.5,128,21,20,9,5,8,0,0,1,0,0,0,0,0,0,0,192,-3.203047,55.9435899,130,5
1512495809344,1.2773981,1.7522721,2.2779105,10.3,64.9,170,25,15,9,3,7,4,1,1,0,0,0,0,0,0,0,235,-3.2031609,55.9438049,127,18
1512495829560,1.2933,1.7543055,8.210641,10.3,65,148,34,13,13,2,7,2,0,1,1,0,0,0,1,0,0,222,-3.2030554,55.9444042,129,18
1512495850216,1.3424684,1.8959478,2.1365764,10.3,64.9,153,40,14,10,8,10,4,1,0,0,0,0,0,0,0,0,240,-3.2026204,55.9445533,114,10
1512495871621,1.583448,2.154161,3.3109772,10.400001,64.700005,198,35,20,15,11,8,1,0,1,1,0,0,0,0,0,0,290,-3.2020462,55.9446203,124,10
1512495893111,1.3417208,2.0046995,2.6619658,10.400001,64.700005,172,25,21,17,6,9,6,2,1,0,0,0,0,0,0,0,259,-3.2012242,55.9446447,125,15
1512495915811,1.099836,1.6336004,5.9532084,10.5,64.5,163,25,13,18,6,11,4,3,0,0,0,0,0,0,1,0,244,-3.2007185,55.9447187,130,10
1512495938443,1.260953,1.8716794,4.5429373,10.5,64.3,166,28,22,11,8,8,5,2,1,1,1,0,0,0,0,0,253,-3.2000602,55.9447572,135,7
1512495961803,1.2166114,1.8214028,2.208818,10.5,64.6,159,27,25,10,6,13,4,3,0,0,0,0,0,0,0,0,247,-3.1995771,55.9449087,142,8
1512495983283,1.3048346,1.8632016,7.5151644,10.6,64.4,150,37,20,17,9,6,3,1,0,1,0,0,1,0,0,0,245,-3.1990721,55.9452125,139,9
1512496004699,1.7458128,2.3277268,2.4402485,10.6,64.1,191,46,27,13,5,7,3,0,0,0,0,0,0,0,0,0,292,-3.1985521,55.9451709,145,6
1512496026121,1.8732815,2.704384,4.3047547,10.6,64.200005,197,52,33,15,4,5,8,3,1,1,0,0,0,0,0,0,319,-3.1979778,55.9451585,148,6
1512496047521,1.3085772,1.7543458,2.5845273,10.7,64.200005,171,30,20,9,3,9,2,0,0,1,0,0,0,0,0,0,245,-3.197337,55.9449944,139,5
1512496068849,1.3164994,1.7401854,2.295481,10.7,64,175,25,18,8,2,4,2,2,1,0,0,0,0,0,0,0,237,-3.1968431,55.9449671,146,6
1512496089608,1.2438943,1.6857611,2.6653678,10.7,64.200005,165,28,12,9,5,7,3,1,0,1,0,0,0,0,0,0,231,-3.1963288,55.9450219,149,6
1512496110446,2.411146,2.9839475,3.2013917,10.6,64.1,363,40,20,8,14,4,4,1,0,0,0,0,0,0,0,0,454,-3.195998,55.9450582,126,8
1512496131209,2.4191217,3.1822772,4.35814,10.6,63.9,289,51,30,13,6,8,4,2,0,1,0,0,0,0,0,0,404,-3.1953849,55.9451029,147,10
1512496151325,1.8133752,2.4948666,2.836458,10.7,63.8,210,40,26,10,8,9,4,2,0,0,0,0,0,0,0,0,309,-3.1948656,55.9450946,148,8
1512496174019,1.3984978,1.7759242,2.6822953,10.7,63.600002,198,32,12,8,3,7,1,1,0,1,0,0,0,0,0,0,263,-3.1943078,55.9450042,146,7
1512496195350,1.3205297,1.8610706,3.2578743,10.7,63.5,173,23,13,9,7,6,5,1,1,1,0,0,0,0,0,0,239,-3.1936919,55.9450695,145,6
1512496216111,1.6267437,2.2476847,7.634704,10.8,63.7,215,39,18,12,5,8,7,1,1,0,0,0,1,0,0,0,307,-3.1932671,55.9452317,146,9
1512496236302,1.6206455,2.2670293,6.3305516,10.8,63.5,198,35,23,12,8,7,3,3,1,0,0,1,0,0,0,0,291,-3.1927516,55.9452831,145,7
1512496258361,1.6811574,2.4468992,5.464482,10.8,63.5,230,30,26,7,5,14,4,2,4,2,0,0,0,0,0,0,324,-3.1920986,55.9453173,144,7
1512496282372,1.8271222,2.8156712,9.372671,10.8,63.4,243,48,23,12,8,15,8,6,3,3,2,0,0,0,0,0,371,-3.1913989,55.9453133,140,7
1512496304983,1.6459699,2.4391878,20.591438,10.7,63.9,205,34,20,13,7,8,9,1,1,3,1,1,1,1,0,0,305,-3.1911726,55.9450796,132,7
1512496325835,1.4139407,2.5030665,10.0681,10.7,64,180,17,21,17,9,19,9,6,3,1,1,1,0,0,0,0,284,-3.1912739,55.9447877,139,9
1512496349105,1.3705758,2.1963196,5.325093,10.5,64.700005,180,27,22,14,6,10,5,7,3,2,0,0,0,0,0,0,276,-3.1911865,55.9444713,139,13
1512496371236,1.7960986,2.9518518,16.117191,10.3,65.5,219,50,21,13,8,13,15,4,2,6,5,0,0,0,0,0,356,-3.1911076,55.9442459,130,9
1512496392562,1.2286714,1.7098126,4.6790366,10.2,65.700005,166,16,14,13,2,4,3,2,1,1,1,0,0,0,0,0,223,-3.191052,55.9439945,140,9
1512496413408,1.2240653,1.6164981,2.1289368,10.1,66.200005,157,19,12,6,5,4,2,1,1,0,0,0,0,0,0,0,207,-3.1906915,55.9441615,134,9
1512496435388,1.5534755,2.0642445,2.2240734,10.1,65.700005,218,34,11,12,9,8,5,0,0,0,0,0,0,0,0,0,297,-3.190234,55.9442891,138,8
1512496456229,1.6520396,2.1213133,2.9493692,10.2,65.5,237,40,15,8,3,6,2,2,2,0,0,0,0,0,0,0,315,-3.1896425,55.9443584,134,12
1512496478940,1.2273104,1.7029101,3.5710616,10.1,65.4,179,25,20,12,3,3,5,2,1,0,1,0,0,0,0,0,251,-3.1890733,55.9443943,137,9
1512496499694,1.2780238,1.8600074,4.292293,10.2,65.4,153,33,16,11,6,10,6,0,0,1,1,0,0,0,0,0,237,-3.1885103,55.944504,138,12
1512496521100,1.1834524,1.7247894,2.0897582,10.2,65,154,30,15,11,5,7,7,2,0,0,0,0,0,0,0,0,231,-3.1881212,55.9446231,134,20
1512496541852,1.167623,1.5762944,1.7385486,10.3,64.6,138,30,13,9,3,9,1,1,0,0,0,0,0,0,0,0,204,-3.1874315,55.9445799,134,11
1512496562600,1.2209888,1.7103429,5.5462976,10.3,64.8,143,25,18,13,4,8,2,0,1,0,0,1,0,0,0,0,215,-3.1868301,55.9447298,137,14
1512496583377,1.230274,1.7565149,2.5446918,10.400001,65.1,147,23,16,10,3,8,4,0,2,0,0,0,0,0,0,0,213,-3.1862884,55.9447522,142,8
1512496604717,1.240212,1.7545105,4.1324224,10.3,65.4,142,32,20,13,3,4,1,3,2,0,1,0,0,0,0,0,221,-3.1860442,55.9444459,133,9
1512496625475,1.1437527,1.6063676,1.7633238,10.3,65.4,168,12,11,5,6,13,4,0,0,0,0,0,0,0,0,0,219,-3.1858584,55.9446052,122,10
1512496645665,1.4469022,1.971578,3.4832666,10.3,64.9,172,33,24,8,4,3,4,0,2,1,0,0,0,0,0,0,251,-3.1856262,55.9448945,126,8
1512496666419,1.4395635,1.9061126,7.935978,10.400001,64.700005,180,35,16,12,8,10,0,0,0,0,1,0,0,0,1,0,263,-3.1848741,55.9451251,135,14
1512496687863,1.4148835,1.908713,7.4089065,10.400001,64.700005,171,40,12,15,3,5,5,0,1,0,0,0,0,1,0,0,253,-3.1841209,55.9452679,137,9
1512496708504,1.8550149,2.5348215,13.398118,10.400001,64.700005,236,39,17,12,11,8,3,3,0,2,0,0,0,0,1,1,333,-3.1840289,55.9452387,0,17.229
1512496731298,1.2000539,1.7439696,4.6785665,10.5,64.6,138,31,22,9,10,10,3,0,0,0,2,0,0,0,0,0,225,-3.183884,55.9451532,133,16
1512496751604,0.93010706,1.3448776,3.4149263,10.5,64.700005,111,25,11,9,3,2,1,5,0,2,0,0,0,0,0,0,169,-3.1837213,55.9450722,131,15
1512496772382,0.8034887,1.6280123,9.763639,10.7,65.6,84,21,11,15,6,10,12,4,2,1,1,0,0,0,1,0,168,-3.183693,55.9451164,130,17
