,phoneTimestamp,pm1,pm2_5,pm10,temperature,humidity,bin0,bin1,bin2,bin3,bin4,bin5,bin6,bin7,bin8,bin9,bin10,bin11,bin12,bin13,bin14,bin15,total,gpsLongitude,gpsLatitude,gpsAltitude,gpsAccuracy,luxLevel,motion,label
0,1518739201796,5.2969933,7.523822999999999,8.224364,30.300001,32.0,227,84,64,29,10,6,5,2,0,0,0,0,0,0,0,0,427,-3.1834872000000005,55.9446863,138.10000610351565,21.241999999999997,9,0,3
1,1518739210882,4.4054494,6.15907,6.632728999999999,30.300001,32.0,209,62,43,27,8,6,4,1,0,0,0,0,0,0,0,0,360,-3.1835566,55.9446929,138.10000610351565,20.936999999999998,9,0,3
2,1518739219961,4.3383317,6.0420218,6.2553339999999995,30.5,35.100002,183,66,53,25,9,3,3,0,0,0,0,0,0,0,0,0,342,-3.1835526,55.94469229999999,138.10000610351565,20.953000000000003,9,0,3
3,1518739229696,3.8889519999999997,5.5225344000000005,5.897603500000001,30.5,35.100002,178,50,49,35,6,1,3,1,0,0,0,0,0,0,0,0,323,-3.1835576,55.9446919,138.10000610351565,20.932,9,0,3
4,1518739238129,4.6536193,6.6684923,18.639278,30.5,35.100002,180,58,61,21,4,7,3,1,1,0,0,0,0,1,0,0,337,-3.1835575,55.9446924,138.10000610351565,20.956,9,0,3
5,1518739246563,4.55673,6.1855264000000005,6.3461742,30.5,35.100002,215,50,45,33,7,1,2,0,0,0,0,0,0,0,0,0,353,-3.1835566,55.9446922,138.10000610351565,20.956999999999997,9,0,3
6,1518739255645,4.7480125,6.9205723,7.1677594,30.5,35.100002,159,64,71,31,7,5,3,0,0,0,0,0,0,0,0,0,340,-3.1835558999999995,55.9446924,138.10000610351565,20.979,9,0,3
7,1518739264728,4.3001657,5.7768097,13.103513000000001,30.5,35.100002,175,67,41,22,6,5,0,0,0,0,0,1,0,0,0,0,317,-3.1835556,55.9446928,138.10000610351565,20.982,9,0,3
8,1518739273811,4.3937316,6.050165,6.6050053,30.5,35.100002,195,70,46,22,5,6,2,2,0,0,0,0,0,0,0,0,348,-3.1835433999999996,55.9446847,144.5,20.873,9,0,3
9,1518739282892,4.266213400000001,5.892534700000001,6.2219024,30.5,35.100002,165,68,46,19,10,4,1,1,0,0,0,0,0,0,0,0,314,-3.1835564,55.944692599999996,138.10000610351565,20.947,9,0,3
10,1518739290678,4.491696,6.2316957,6.4552255,30.5,35.100002,175,56,46,16,7,8,2,0,0,0,0,0,0,0,0,0,310,-3.1835367000000003,55.9446928,144.5,20.978,9,0,3
11,1518739299112,4.5392895,6.3442354000000005,8.458225,30.9,35.3,166,57,47,21,5,4,3,0,0,1,0,0,0,0,0,0,304,-3.1835568,55.9446924,138.10000610351565,20.899,9,0,3
12,1518739306896,4.541256400000001,6.355296599999999,6.570914299999999,30.9,35.3,193,56,45,29,8,7,2,0,0,0,0,0,0,0,0,0,340,-3.1835568,55.9446928,138.10000610351565,20.944000000000003,9,0,3
13,1518739315979,4.629745,6.5368843,6.730698599999999,30.9,35.3,197,59,57,38,4,6,2,0,0,0,0,0,0,0,0,0,363,-3.1835554,55.9446912,138.10000610351565,20.938000000000002,9,0,3
14,1518739324414,4.561474,6.32388,6.4258003,30.9,35.3,186,56,52,29,7,6,0,0,0,0,0,0,0,0,0,0,336,-3.1835567000000005,55.9446924,138.10000610351565,20.965999999999998,9,0,3
15,1518739332856,4.400601,5.9276123,6.2669663,30.9,35.3,188,59,39,23,3,5,1,1,0,0,0,0,0,0,0,0,319,-3.1835565,55.9446928,138.10000610351565,20.954,9,0,3
16,1518739341281,4.699436,6.3866034,6.7015734,30.9,35.3,192,50,48,19,5,6,0,1,0,0,0,0,0,0,0,0,321,-3.1835577999999995,55.94469229999999,138.10000610351565,20.97,9,0,3
17,1518739349066,4.2801733,6.193881,8.381973,30.9,35.3,185,53,30,34,14,11,0,1,0,1,0,0,0,0,0,0,329,-3.1835577999999995,55.94469229999999,138.10000610351565,20.968000000000004,9,0,3
18,1518739357500,5.547455,8.190536,9.636678,30.9,35.3,208,67,60,40,7,11,3,2,1,0,0,0,0,0,0,0,399,-3.1835572999999995,55.944692,138.10000610351565,20.881999999999998,9,0,3
19,1518739365932,4.938889499999999,6.684922,6.8720875,31.300001,36.4,193,58,51,15,9,3,2,0,0,0,0,0,0,0,0,0,331,-3.1835577,55.944692,138.10000610351565,20.956,9,0,3
20,1518739374367,4.7131248,6.536470400000001,6.920191,31.300001,36.4,179,65,55,19,9,3,2,1,0,0,0,0,0,0,0,0,333,-3.1835582000000002,55.9446924,138.10000610351565,20.97,9,0,3
21,1518739382153,4.1933727,6.3032937,7.217840700000001,31.300001,36.4,145,52,40,30,11,7,2,3,0,0,0,0,0,0,0,0,290,-3.183557,55.9446924,138.10000610351565,20.965999999999998,9,0,3
22,1518739389937,4.5069837999999995,6.4230529999999995,7.192711,31.300001,36.4,189,43,35,34,5,3,4,2,0,0,0,0,0,0,0,0,315,-3.1835562000000004,55.9446916,138.10000610351565,20.912,9,0,3
23,1518739398372,4.522443,6.6595949999999995,7.158643,31.300001,36.4,169,63,41,29,12,13,2,1,0,0,0,0,0,0,0,0,330,-3.1835568,55.9446916,138.10000610351565,20.921,9,0,3
24,1518739405508,4.3956547,6.328994799999999,6.6162456999999995,31.300001,36.4,175,42,38,22,9,12,2,0,0,0,0,0,0,0,0,0,300,-3.183558,55.9446924,138.10000610351565,20.916999999999998,9,0,3
25,1518739413942,4.813023,6.939785499999999,8.165728,31.300001,36.4,186,64,40,35,7,8,3,1,1,0,0,0,0,0,0,0,345,-3.1835746,55.944695900000006,138.10000610351565,20.928,9,0,3
26,1518739422376,4.4171276,6.240857,6.3504252,31.300001,36.4,181,47,54,29,10,6,0,0,0,0,0,0,0,0,0,0,327,-3.1835587000000003,55.9446919,138.10000610351565,20.98,9,0,3
27,1518739431460,5.063053599999999,7.2177005,7.65388,31.300001,36.4,194,78,55,32,8,10,2,1,0,0,0,0,0,0,0,0,380,-3.1835576,55.944691799999994,138.10000610351565,20.929000000000002,9,0,3
28,1518739439891,4.9861379999999995,6.958131,7.118407,31.6,37.7,218,62,42,34,12,11,0,0,0,0,0,0,0,0,0,0,379,-3.1835521,55.9446929,138.10000610351565,20.945999999999998,9,0,3
29,1518739448325,4.638857,6.5038123,6.906186,31.6,37.7,187,55,37,29,10,7,1,1,0,0,0,0,0,0,0,0,327,-3.1835555,55.944692,138.10000610351565,20.875999999999998,9,0,3
30,1518739456759,4.6334743,6.6975,7.6272655,31.6,37.7,187,57,43,31,7,14,1,0,1,0,0,0,0,0,0,0,341,-3.1835556,55.94469229999999,138.10000610351565,20.951,9,0,3
31,1518739465842,4.7611322,6.79588,7.012087299999999,31.6,37.7,188,63,52,26,9,13,1,0,0,0,0,0,0,0,0,0,352,-3.1835702,55.94469599999999,138.10000610351565,20.853,9,0,3
32,1518739474922,4.966579,7.164745299999999,7.490489500000001,31.6,37.7,213,67,51,45,9,8,4,0,0,0,0,0,0,0,0,0,397,-3.1835697999999995,55.9446949,138.10000610351565,20.89,9,0,3
33,1518739483360,4.730028599999999,6.670998,6.978567999999999,31.6,37.7,202,70,44,23,9,13,3,0,0,0,0,0,0,0,0,0,364,-3.1835584999999997,55.9446917,138.10000610351565,20.991,9,0,3
34,1518739492441,4.7515507,6.959361599999999,18.999441,31.6,37.7,187,65,48,30,9,10,2,1,1,2,0,1,0,0,0,0,356,-3.1835577999999995,55.944692,138.10000610351565,20.934,9,0,3
35,1518739501524,5.139853,7.4372005,8.28128,31.6,37.7,202,74,53,38,12,14,0,0,1,0,0,0,0,0,0,0,394,-3.1835566,55.9446916,138.10000610351565,20.941,9,0,3
36,1518739509958,4.9863334,7.275974799999999,7.829764,31.9,38.8,197,62,55,31,11,9,4,1,0,0,0,0,0,0,0,0,370,-3.1835555,55.9446925,138.10000610351565,20.923000000000002,9,0,3
37,1518739518391,4.932686,6.9194875,7.493600999999999,31.9,38.8,193,72,48,31,7,7,1,2,0,0,0,0,0,0,0,0,361,-3.1835717999999997,55.9446961,138.10000610351565,20.921,9,0,3
38,1518739526825,4.562887,6.777467,7.688606699999999,31.9,38.8,184,50,43,36,7,11,2,3,0,0,0,0,0,0,0,0,336,-3.1835443,55.944684499999994,138.10000610351565,20.932,9,0,3
39,1518739535904,5.5275644999999995,8.115084,8.886424,31.9,38.8,215,74,70,32,15,7,5,2,0,0,0,0,0,0,0,0,420,-3.1835552000000003,55.9446917,138.10000610351565,20.948,9,0,3
40,1518739544345,5.4550495,8.084533,8.702072,31.9,38.8,223,64,58,35,12,9,9,0,0,0,0,0,0,0,0,0,410,-3.1835567000000005,55.9446925,138.10000610351565,20.967,9,0,3
41,1518739552775,5.1431569999999995,7.853613,9.197196,31.9,38.8,184,65,57,40,13,11,5,1,1,0,0,0,0,0,0,0,377,-3.1835597,55.944691399999996,138.10000610351565,20.973000000000003,9,0,3
42,1518739561858,4.6714377,6.806916999999999,7.104721499999999,31.9,38.8,198,65,52,35,13,11,3,0,0,0,0,0,0,0,0,0,377,-3.1835695999999998,55.9446956,138.10000610351565,20.878,9,0,3
43,1518739570937,4.6643514999999995,7.009086999999999,7.6676207,31.9,38.8,219,51,50,35,14,13,6,1,0,0,0,0,0,0,0,0,389,-3.1835586,55.94469229999999,138.10000610351565,20.954,9,0,3
44,1518739579374,4.888368,6.9838743,8.913611999999999,31.9,38.8,183,60,52,42,12,2,1,0,0,1,0,0,0,0,0,0,353,-3.1835577999999995,55.94469229999999,138.10000610351565,20.913,9,0,3
45,1518739588459,4.798287,7.090874,7.4696169999999995,32.2,39.5,201,59,51,34,13,13,4,0,0,0,0,0,0,0,0,0,375,-3.1835552000000003,55.94469229999999,138.10000610351565,20.905,9,0,3
46,1518739597539,4.702456,6.6894927,7.692334,32.2,39.5,207,69,43,28,13,6,5,0,1,0,0,0,0,0,0,0,372,-3.1835565,55.9446925,138.10000610351565,20.906,9,0,3
47,1518739605974,5.005025,7.3713636,9.254237,32.2,39.5,205,53,55,31,14,7,3,1,2,0,0,0,0,0,0,0,371,-3.1835554,55.9446928,138.10000610351565,20.875,9,0,3
48,1518739614407,5.288978,7.3712883,8.289928999999999,32.2,39.5,223,61,50,29,13,5,2,0,1,0,0,0,0,0,0,0,384,-3.1835572,55.9446924,138.10000610351565,20.918000000000003,9,0,3
49,1518739623489,5.2961044,7.829235000000001,8.313927,32.2,39.5,193,68,63,38,10,6,7,0,0,0,0,0,0,0,0,0,385,-3.1835361,55.9446916,138.10000610351565,20.881,9,0,3
50,1518739631922,5.1712723,7.6994467,11.27369,32.2,39.5,227,58,57,35,11,12,4,1,2,1,0,0,0,0,0,0,408,-3.1835569,55.944692599999996,138.10000610351565,20.965999999999998,9,0,3
51,1518739641006,4.6430483,6.7702723,7.946011500000001,32.2,39.5,179,64,59,36,10,5,1,2,1,0,0,0,0,0,0,0,357,-3.1835562000000004,55.9446924,138.10000610351565,20.939,9,0,3
52,1518739649439,5.1546764000000005,7.6519523000000005,15.252273,32.2,39.5,202,68,60,35,15,11,5,0,0,0,0,1,0,0,0,0,397,-3.183555,55.944692599999996,138.10000610351565,20.941,9,0,3
53,1518739658522,4.703035,7.2208576,9.396231,32.2,39.5,189,56,55,37,14,13,6,0,0,1,0,0,0,0,0,0,371,-3.1835542,55.944691799999994,138.10000610351565,20.891,9,0,3
54,1518739667602,4.7201653,6.8256702,7.644253999999999,32.5,40.2,194,64,35,27,17,5,5,2,0,0,0,0,0,0,0,0,349,-3.1835584,55.944691799999994,138.10000610351565,20.958000000000002,9,0,3
55,1518739675390,5.2517796,7.8566008,8.685511,32.5,40.2,197,67,46,37,20,9,4,2,0,0,0,0,0,0,0,0,382,-3.1835565,55.9446924,138.10000610351565,20.975,9,0,3
56,1518739683824,5.034086,7.8346405,8.899709,32.5,40.2,185,59,54,38,15,8,9,2,0,0,0,0,0,0,0,0,370,-3.1835558999999995,55.944692599999996,138.10000610351565,20.965999999999998,9,0,3
57,1518739692257,4.9868927,7.529852,8.259984,32.5,40.2,203,57,52,39,12,10,7,1,0,0,0,0,0,0,0,0,381,-3.1835503,55.9446922,138.10000610351565,20.915,9,0,3
58,1518739701340,5.014569,7.199433999999999,7.690405,32.5,40.2,208,68,45,38,14,7,3,1,0,0,0,0,0,0,0,0,384,-3.1835522999999997,55.94469229999999,138.10000610351565,20.930999999999997,9,0,3
59,1518739709775,5.3972370000000005,7.852689,9.117646,32.5,40.2,215,70,47,44,10,8,4,1,1,0,0,0,0,0,0,0,400,-3.1835572999999995,55.9446922,138.10000610351565,20.971999999999998,9,0,3
60,1518739718208,4.941859,7.319306399999999,12.383742999999999,32.5,40.2,212,60,43,39,16,7,5,0,2,0,1,0,0,0,0,0,385,-3.1835567000000005,55.9446921,138.10000610351565,20.941999999999997,9,0,3
61,1518739727290,5.205446,7.851724000000001,8.826981,32.5,40.2,188,75,52,36,16,13,3,3,0,0,0,0,0,0,0,0,386,-3.1835526,55.9446922,138.10000610351565,20.919,9,0,3
62,1518739737024,5.3874474,8.207723,8.919459,32.8,41.2,213,75,61,49,17,11,7,1,0,0,0,0,0,0,0,0,434,-3.1835557,55.9446924,138.10000610351565,20.877,9,0,3
63,1518739745456,5.1793118,7.6694283,8.066881,32.8,41.2,202,57,59,31,13,13,4,0,0,0,0,0,0,0,0,0,379,-3.183557,55.944691799999994,138.10000610351565,20.884,9,0,3
64,1518739754538,5.2772293,8.104386,8.903138,32.8,41.2,193,71,64,40,20,13,4,2,0,0,0,0,0,0,0,0,407,-3.1835562000000004,55.9446924,138.10000610351565,20.944000000000003,9,0,3
65,1518739763620,4.809723,7.2551217,7.850155,32.8,41.2,201,56,56,35,11,16,4,1,0,0,0,0,0,0,0,0,380,-3.1835561,55.944692599999996,138.10000610351565,20.93,9,0,3
66,1518739772704,4.918437,7.618839299999999,8.894378,32.8,41.2,188,62,59,48,13,12,5,1,1,0,0,0,0,0,0,0,389,-3.1835558999999995,55.9446922,138.10000610351565,20.935,9,0,3
67,1518739781137,4.900404,7.1888833,8.22909,32.8,41.2,206,56,49,30,8,16,3,0,1,0,0,0,0,0,0,0,369,-3.1835534,55.9446921,138.10000610351565,20.894000000000002,9,0,3
68,1518739790869,4.9261703,7.373168499999999,10.333108,32.8,41.2,214,63,56,38,11,6,8,1,1,1,0,0,0,0,0,0,399,-3.1835592999999998,55.944691799999994,138.10000610351565,20.927,9,0,3
69,1518739799949,5.0650864,7.6744375,10.558825,32.8,41.2,217,54,52,36,16,14,5,0,1,1,0,0,0,0,0,0,396,-3.1835548,55.944691299999995,138.10000610351565,20.848000000000003,9,0,3
70,1518739809035,4.731014,7.0841246,9.191448,32.8,41.2,188,62,62,30,21,8,3,1,0,1,0,0,0,0,0,0,376,-3.1835544,55.9446921,138.10000610351565,20.962,9,0,3
71,1518739818116,4.914356,7.5614443,10.003178,33.0,41.8,199,67,56,39,13,18,4,2,0,1,0,0,0,0,0,0,399,-3.1835543,55.944691299999995,138.10000610351565,20.947,9,0,3
72,1518739826549,4.2615932999999995,6.685261200000001,8.05803,33.0,41.8,186,58,37,34,15,19,6,1,1,0,0,0,0,0,0,0,357,-3.1835529,55.9446921,138.10000610351565,20.843000000000004,9,0,3
73,1518739836279,5.248542,7.7279506,20.196285,33.0,41.8,223,74,48,35,14,11,6,0,2,0,0,0,1,0,0,0,414,-3.1835332999999997,55.94469229999999,144.5,20.849,9,0,3
74,1518739844715,5.031148,7.2160234,7.7173777,33.0,41.8,241,57,48,25,12,11,7,0,0,0,0,0,0,0,0,0,401,-3.183569,55.9446956,138.10000610351565,20.909000000000002,9,0,3
75,1518739853797,4.8761589999999995,7.390344,10.020745,33.0,41.8,219,51,54,44,8,13,4,3,0,1,0,0,0,0,0,0,397,-3.1835554,55.9446925,138.10000610351565,20.877,9,0,3
76,1518739862230,4.6682615,6.8205100000000005,15.644554000000001,33.0,41.8,205,55,47,37,12,10,4,0,0,0,0,0,0,0,0,1,371,-3.1835522000000003,55.9446922,138.10000610351565,20.81,9,0,3
77,1518739871310,5.16782,7.738092,8.142561,33.0,41.8,215,68,59,42,13,17,4,0,0,0,0,0,0,0,0,0,418,-3.1835691,55.9446951,138.10000610351565,20.706999999999997,9,0,3
78,1518739880396,4.701218,6.9045176999999995,8.211475,33.0,41.8,202,57,56,19,14,6,7,1,1,0,0,0,0,0,0,0,363,-3.1835576,55.944692,138.10000610351565,20.921999999999997,9,0,3
79,1518739890127,5.525723999999999,8.652987,17.99831,33.2,42.3,222,73,66,37,14,20,5,4,0,3,1,0,0,0,0,0,445,-3.1835547,55.944692599999996,138.10000610351565,20.869,9,1,3
80,1518739899210,5.5858574,8.786019,11.784548,33.2,42.3,219,72,63,43,23,16,4,3,3,0,0,0,0,0,0,0,446,-3.1835562000000004,55.944692599999996,138.10000610351565,20.939,9,0,3
81,1518739908293,5.231990000000001,8.112491,12.057911,33.2,42.3,212,58,59,51,18,10,7,0,0,2,0,0,0,0,0,0,417,-3.1835555,55.9446916,138.10000610351565,20.886,9,0,3
82,1518739917375,4.405295400000001,6.6627584,7.3251534,33.2,42.3,191,49,47,28,17,10,6,1,0,0,0,0,0,0,0,0,349,-3.1835544999999996,55.9446909,138.10000610351565,20.788,9,0,3
83,1518739926458,5.130557,7.204264,8.105396,33.2,42.3,239,56,55,35,10,5,3,0,1,0,0,0,0,0,0,0,404,-3.1835544,55.9446922,138.10000610351565,20.904,9,0,3
84,1518739935540,5.621467,8.299416,9.1095,33.2,42.3,230,76,56,50,11,10,5,2,0,0,0,0,0,0,0,0,440,-3.1835560000000003,55.9446924,138.10000610351565,20.910999999999998,9,0,3
85,1518739944623,5.2161290000000005,7.648743,8.18067,33.2,42.3,192,58,60,29,13,9,3,1,0,0,0,0,0,0,0,0,365,-3.1835553,55.9446922,138.10000610351565,20.965999999999998,9,0,3
86,1518739953704,5.37747,7.985017999999999,9.244012,33.2,42.3,217,65,57,39,14,11,4,1,1,0,0,0,0,0,0,0,409,-3.1835357,55.9446924,138.10000610351565,20.833000000000002,9,0,3
87,1518739962140,5.1662374,7.6283330000000005,8.508482,33.2,42.3,199,78,58,36,15,9,3,3,0,0,0,0,0,0,0,0,401,-3.1835352,55.9446919,144.5,20.511,9,0,3
88,1518739971223,5.334265,7.8998795,9.008493,33.4,42.9,214,67,60,42,6,11,3,4,0,0,0,0,0,0,0,0,407,-3.183557,55.9446919,138.10000610351565,20.826999999999998,9,0,3
89,1518739980303,4.959276999999999,7.427198,7.9635057,33.4,42.9,229,54,53,35,13,15,7,0,0,0,0,0,0,0,0,0,406,-3.183557,55.944692,138.10000610351565,20.888,9,0,3
90,1518739988738,5.0353065,7.598052,7.909047599999999,33.4,42.9,205,68,50,50,22,14,2,0,0,0,0,0,0,0,0,0,411,-3.1835703,55.9446958,138.10000610351565,20.784000000000002,9,0,3
91,1518739997821,4.680425,7.281293400000001,8.691492,33.4,42.9,183,54,56,33,12,13,7,1,1,0,0,0,0,0,0,0,360,-3.1835562000000004,55.9446917,138.10000610351565,20.840999999999998,9,0,3
92,1518740006902,5.4644580000000005,8.42244,12.726538,33.4,42.9,203,76,56,42,15,13,8,2,0,0,1,0,0,0,0,0,416,-3.1835567000000005,55.9446924,138.10000610351565,20.89,9,0,3
93,1518740015338,4.874114,7.4651274999999995,11.255544,33.4,42.9,178,58,62,38,14,13,3,0,0,2,0,0,0,0,0,0,368,-3.183557,55.944691799999994,138.10000610351565,20.86,9,0,3
94,1518740024420,4.891532,7.521006599999999,8.019607,33.4,42.9,208,48,57,28,19,19,5,0,0,0,0,0,0,0,0,0,384,-3.183555,55.9446919,138.10000610351565,20.87,9,0,3
95,1518740033506,5.103356400000001,7.5046669999999995,7.8604937,33.4,42.9,190,78,56,39,14,10,4,0,0,0,0,0,0,0,0,0,391,-3.1835553,55.9446924,138.10000610351565,20.927,9,0,3
96,1518740041933,5.00113,7.6163383,10.320453,33.600002,43.600002,183,60,62,47,12,10,3,0,1,1,0,0,0,0,0,0,379,-3.1835571,55.9446916,138.10000610351565,20.89,9,0,3
97,1518740051019,5.2363014,7.790692999999999,8.634869,33.600002,43.600002,206,63,53,42,7,11,5,2,0,0,0,0,0,0,0,0,389,-3.1835720000000003,55.9446956,138.10000610351565,20.903000000000002,9,0,3
98,1518740060101,5.0962048,7.426466499999999,7.9274163,33.600002,43.600002,210,65,53,40,13,9,3,1,0,0,0,0,0,0,0,0,394,-3.1835557999999997,55.9446916,138.10000610351565,20.943,9,0,3
99,1518740068535,5.042097599999999,7.695278,8.331813,33.600002,43.600002,179,67,54,33,17,15,4,1,0,0,0,0,0,0,0,0,370,-3.1835554,55.9446919,138.10000610351565,20.955,9,0,3
100,1518740076968,4.548998,6.793164699999999,7.171041000000001,33.600002,43.600002,156,52,44,37,7,9,4,0,0,0,0,0,0,0,0,0,309,-3.1835563,55.9446925,138.10000610351565,20.818,9,0,3
101,1518740086052,5.0173717,7.911801,10.677297,33.600002,43.600002,206,58,51,39,15,10,8,4,2,0,0,0,0,0,0,0,393,-3.1835587000000003,55.9446921,138.10000610351565,20.926,9,0,3
102,1518740095134,5.0101510000000005,7.6417747,8.31973,33.600002,43.600002,182,71,59,36,17,18,1,2,0,0,0,0,0,0,0,0,386,-3.1835597,55.944691299999995,138.10000610351565,20.951999999999998,9,0,3
103,1518740104214,5.256133999999999,7.5784583,8.091019000000001,33.600002,43.600002,214,57,51,38,12,7,3,1,0,0,0,0,0,0,0,0,383,-3.1835364,55.9446925,144.5,20.804000000000002,9,0,3
104,1518740112652,5.6430225,8.478328,9.967125999999999,33.600002,43.600002,219,65,54,40,24,9,3,2,1,0,0,0,0,0,0,0,417,-3.183544,55.9446995,138.10000610351565,20.866999999999997,9,0,3
105,1518740121733,5.253503,8.767394,10.802679,33.8,44.2,197,56,55,46,11,25,11,2,1,0,0,0,0,0,0,0,404,-3.1835701000000003,55.9446949,138.10000610351565,20.789,9,0,3
106,1518740130167,5.455288400000001,8.124141,10.618224,33.8,44.2,229,73,44,35,17,16,4,0,3,0,0,0,0,0,0,0,421,-3.1835591,55.9446919,138.10000610351565,20.928,9,0,3
107,1518740139897,4.9811735,7.3643656,7.8507853,33.8,44.2,195,75,47,30,15,13,6,0,0,0,0,0,0,0,0,0,381,-3.1835193999999998,55.9446723,138.10000610351565,20.991999999999997,8,0,3
108,1518740148332,5.0725274,7.750539,8.237739,33.8,44.2,203,59,62,34,12,20,5,0,0,0,0,0,0,0,0,0,395,-3.1835734,55.9446962,138.10000610351565,20.863000000000003,8,0,3
109,1518740156766,5.2714925,7.769710000000001,9.519063000000001,33.8,44.2,204,70,52,32,7,17,3,0,2,0,0,0,0,0,0,0,387,-3.1835058999999997,55.94469300000001,138.10000610351565,21.033,6,0,3
110,1518740165853,4.8568344,7.1902384999999995,8.015444,33.8,44.2,193,70,50,37,11,14,1,3,0,0,0,0,0,0,0,0,379,-3.1835567000000005,55.9446921,138.10000610351565,20.933000000000003,0,0,3
111,1518740175580,5.417826,8.715227,10.374145500000001,33.8,44.2,185,74,64,39,14,20,10,1,1,0,0,0,0,0,0,0,408,-3.1835720000000003,55.944695900000006,138.10000610351565,20.829,0,0,3
112,1518740182716,4.461333799999999,6.626500999999999,7.0012419999999995,33.8,44.2,176,57,54,45,14,7,1,1,0,0,0,0,0,0,0,0,355,-3.1835574,55.9446922,138.10000610351565,20.929000000000002,0,0,3
113,1518740191150,4.505839,6.719756599999999,9.328702999999999,34.0,44.5,174,52,45,30,11,7,4,2,0,1,0,0,0,0,0,0,326,-3.183539,55.944691799999994,144.5,20.908,0,0,3
114,1518740200233,5.613537,8.2338505,8.636531,34.0,44.5,220,71,62,38,22,6,5,0,0,0,0,0,0,0,0,0,424,-3.1835478,55.9446843,144.5,20.889,0,0,3
115,1518740208664,4.6898665,7.1290283,8.420796000000001,34.0,44.5,162,57,57,37,10,6,5,1,1,0,0,0,0,0,0,0,336,-3.1835556,55.944692,138.10000610351565,20.904,0,0,3
116,1518740217749,4.7784953,7.156111,7.6212444,34.0,44.5,207,54,46,37,9,17,5,0,0,0,0,0,0,0,0,0,375,-3.1835577,55.94469229999999,138.10000610351565,20.92,0,0,3
117,1518740226832,4.5615582,6.9320509999999995,7.804817,34.0,44.5,196,68,44,30,13,10,11,1,0,0,0,0,0,0,0,0,373,-3.1835449000000002,55.9446843,138.10000610351565,20.87,0,1,3
118,1518740235914,4.5328584,6.709031599999999,17.636387,34.0,44.5,189,59,54,30,10,10,5,1,0,0,0,0,1,0,0,0,359,-3.1835567000000005,55.9446921,138.10000610351565,20.904,0,0,3
119,1518740244998,4.6328316,6.843647,7.6481775999999995,34.0,44.5,177,63,50,37,9,10,1,3,0,0,0,0,0,0,0,0,350,-3.1835375,55.944692599999996,138.10000610351565,20.828000000000003,0,0,3
120,1518740254080,4.751526,7.225922,7.651038000000001,34.0,44.5,189,61,63,38,11,15,5,0,0,0,0,0,0,0,0,0,382,-3.1835582000000002,55.9446919,138.10000610351565,20.904,0,0,3
121,1518740263162,4.8289514,6.855964,7.1940312,34.0,44.5,208,62,57,40,12,4,1,1,0,0,0,0,0,0,0,0,385,-3.1835579,55.944691299999995,138.10000610351565,20.936,0,0,3
122,1518740272245,4.496951599999999,6.8418617,7.3362455,34.0,43.100002,168,61,60,31,22,9,3,1,0,0,0,0,0,0,0,0,355,-3.1835556,55.944691799999994,138.10000610351565,20.899,0,0,3
123,1518740281327,4.059031500000001,6.145205000000001,9.401939,34.0,43.100002,162,62,38,29,17,12,2,0,2,1,0,0,0,0,0,0,325,-3.1835592,55.9446917,138.10000610351565,20.913,0,0,3
124,1518740290410,4.792737000000001,7.7468786,8.706173,34.0,43.100002,186,50,68,45,11,19,7,2,0,0,0,0,0,0,0,0,388,-3.1835561,55.9446916,138.10000610351565,20.857,0,0,3
125,1518740300788,4.4338675,6.654681699999999,7.094780999999999,34.0,43.100002,188,54,55,36,7,12,6,0,0,0,0,0,0,0,0,0,358,-3.1835589,55.944692,138.10000610351565,20.918000000000003,0,0,3
126,1518740308576,4.325299,6.440247,7.417318300000001,34.0,43.100002,173,58,48,40,7,9,4,0,1,0,0,0,0,0,0,0,340,-3.183573,55.9446956,138.10000610351565,20.844,0,0,3
127,1518740318304,4.6352153,6.783627,7.4486504,34.0,43.100002,175,70,51,25,8,7,7,1,0,0,0,0,0,0,0,0,344,-3.1835343,55.9446928,138.10000610351565,20.861,0,0,3
128,1518740327387,4.494494,6.7209787,7.897060400000001,34.0,43.100002,154,73,50,23,17,10,3,1,1,0,0,0,0,0,0,0,332,-3.1835408,55.9447011,138.10000610351565,20.944000000000003,0,0,3
129,1518740335823,4.6302114,6.9815583,7.4065742,34.0,43.100002,177,61,56,39,16,6,6,0,0,0,0,0,0,0,0,0,361,-3.1835547,55.944692,138.10000610351565,20.883000000000003,0,0,3
130,1518740344256,4.5555325,7.009475,7.895071000000001,34.0,43.100002,158,60,48,31,8,14,5,2,0,0,0,0,0,0,0,0,326,-3.1835684,55.944695200000005,138.10000610351565,20.845,0,0,3
131,1518740353996,4.7993274,7.337476299999999,8.637253,34.0,43.100002,205,63,59,35,17,11,7,1,1,0,0,0,0,0,0,0,399,-3.1835532000000004,55.9446921,138.10000610351565,20.785999999999998,0,0,3
132,1518740363070,4.363567,6.5264690000000005,7.704396000000001,34.0,43.100002,191,48,46,33,11,12,3,1,1,0,0,0,0,0,0,0,346,-3.1835549,55.944692700000004,138.10000610351565,20.945999999999998,0,0,3
133,1518740371505,4.2532406,6.686099499999999,7.912064999999999,34.0,43.100002,161,59,45,42,9,12,8,0,1,0,0,0,0,0,0,0,337,-3.1835543,55.9446925,138.10000610351565,20.89,0,0,3
134,1518740380590,4.8172283,7.1685734,8.457448,34.0,43.100002,173,62,52,30,7,11,4,1,1,0,0,0,0,0,0,0,341,-3.1835551,55.94469229999999,138.10000610351565,20.874000000000002,0,0,3
135,1518740389021,4.468093,6.5176764,17.708681,34.0,43.100002,171,66,49,19,16,10,4,0,0,0,0,0,0,1,0,0,336,-3.1835557999999997,55.9446924,138.10000610351565,20.933000000000003,0,0,3
136,1518740398752,4.1637235,6.625426299999999,7.1900167,34.0,43.100002,164,44,46,38,12,15,7,0,0,0,0,0,0,0,0,0,326,-3.1835339,55.944691799999994,144.5,20.803,0,0,3
137,1518740407833,4.6230139999999995,6.845264,7.2190056,34.0,43.100002,178,62,56,39,8,8,5,0,0,0,0,0,0,0,0,0,356,-3.1835560000000003,55.94469229999999,138.10000610351565,20.869,0,0,3
138,1518740415620,4.781798,7.3995275,18.999964000000002,34.0,43.100002,140,73,55,39,14,12,3,1,0,0,1,1,0,0,0,0,339,-3.1835417,55.9447003,138.10000610351565,20.930999999999997,0,0,3
139,1518740426650,4.785858599999999,7.312697999999999,8.364714,34.100002,43.7,186,65,52,43,13,15,4,0,1,0,0,0,0,0,0,0,379,-3.1835577999999995,55.9446925,138.10000610351565,20.99,0,0,3
140,1518740433789,3.9732102999999994,5.76041,6.2231894,34.100002,43.7,149,59,35,23,8,11,2,1,0,0,0,0,0,0,0,0,288,-3.1835549,55.944691799999994,138.10000610351565,20.888,0,0,3
141,1518740441570,4.1063237,6.094856299999999,6.4898305,34.100002,43.7,161,45,45,25,10,8,5,0,0,0,0,0,0,0,0,0,299,-3.1835551,55.94469229999999,138.10000610351565,20.834,0,0,3
142,1518740451301,4.291875,6.4363475,6.873176600000001,34.100002,43.7,184,44,45,42,7,8,6,0,0,0,0,0,0,0,0,0,336,-3.1835369,55.9446922,144.5,20.816,0,0,3
143,1518740460384,4.6190370000000005,7.1333075,7.639367,34.100002,43.7,177,55,55,41,5,17,6,0,0,0,0,0,0,0,0,0,356,-3.1835357999999996,55.944692700000004,138.10000610351565,20.923000000000002,0,0,3
144,1518740468169,4.3609656999999995,6.4505467,7.1165495,34.100002,43.7,174,55,48,34,14,5,3,2,0,0,0,0,0,0,0,0,335,-3.1835452,55.9446848,138.10000610351565,20.901999999999997,0,0,3
145,1518740477252,4.253394999999999,6.49136,6.9631915,34.100002,43.7,169,48,52,29,9,13,6,0,0,0,0,0,0,0,0,0,326,-3.1835684,55.94467120000001,144.5,19.924,0,0,3
146,1518740486334,4.054657499999999,6.1009765,8.288809,34.100002,43.7,152,62,43,31,9,12,3,1,0,1,0,0,0,0,0,0,314,-3.1835718999999996,55.9446958,138.10000610351565,20.866999999999997,0,0,3
147,1518740495417,3.9924769999999996,5.953543700000001,6.7528167,34.100002,43.7,167,52,44,40,10,13,0,0,1,0,0,0,0,0,0,0,327,-3.1835562000000004,55.94469229999999,138.10000610351565,20.918000000000003,0,0,3
148,1518740504500,4.5190114999999995,6.884090400000001,9.112759,34.2,42.8,162,65,67,32,10,6,7,1,0,1,0,0,0,0,0,0,351,-3.1835551,55.9446925,138.10000610351565,20.913,0,0,3
149,1518740513582,4.5419846,6.882764,9.023021,34.2,42.8,150,80,59,34,11,11,4,1,0,1,0,0,0,0,0,0,351,-3.1835571,55.9446919,138.10000610351565,20.87,0,0,3
150,1518740522665,4.3089724,6.741728,8.132941,34.2,42.8,190,55,47,42,13,17,4,2,1,0,0,0,0,0,0,0,371,-3.1835542,55.9446922,138.10000610351565,20.881,0,0,3
151,1518740531747,4.517792,7.0718307000000005,8.577808000000001,34.2,42.8,172,63,54,26,14,11,10,1,1,0,0,0,0,0,0,0,352,-3.1835582000000002,55.9446919,138.10000610351565,20.962,0,0,3
152,1518740540830,4.448629,6.3585677,6.739876,34.2,42.8,204,63,45,37,6,6,6,0,0,0,0,0,0,0,0,0,367,-3.1835557,55.944692599999996,138.10000610351565,20.944000000000003,0,0,3
153,1518740549909,4.2779775,6.539194,9.161488,34.2,42.8,165,57,53,24,12,11,4,3,0,1,0,0,0,0,0,0,330,-3.1835571,55.9446924,138.10000610351565,20.979,0,0,3
154,1518740559644,4.115607700000001,5.951906,6.356994,34.2,42.8,179,56,44,31,13,7,2,1,0,0,0,0,0,0,0,0,333,-3.1835767,55.9446954,138.10000610351565,19.893,0,0,3
155,1518740568077,4.3916245,6.487686599999999,6.970588,34.2,42.8,165,57,51,30,13,7,3,1,0,0,0,0,0,0,0,0,327,-3.1835568,55.94469229999999,138.10000610351565,20.87,0,0,3
156,1518740577809,4.1931195,6.143394,7.665512599999999,34.2,43.0,164,60,50,24,9,10,2,0,2,0,0,0,0,0,0,0,321,-3.1835543,55.9446921,138.10000610351565,20.831,0,0,3
157,1518740586242,4.225414,6.271963599999999,6.7813697,34.2,43.0,171,58,38,35,13,10,3,1,0,0,0,0,0,0,0,0,329,-3.1835576,55.9446921,138.10000610351565,20.944000000000003,0,0,3
158,1518740595325,4.164717,6.5426636,10.08723,34.2,43.0,166,53,43,34,9,7,8,3,1,1,0,0,0,0,0,0,325,-3.1835557999999997,55.9446922,138.10000610351565,20.864,0,0,3
159,1518740604407,3.6913525999999997,5.392983,8.993238,34.2,43.0,129,53,40,30,11,5,0,1,0,0,1,0,0,0,0,0,270,-3.1835782999999998,55.9446944,138.10000610351565,19.737000000000002,0,0,3
160,1518740612843,4.6537986,6.900505,7.0879726,34.2,43.0,159,49,67,35,9,8,1,0,0,0,0,0,0,0,0,0,328,-3.1835796000000003,55.9446948,138.10000610351565,19.874000000000002,0,0,3
161,1518740621275,4.823379,7.3041100000000005,7.809225,34.2,43.0,169,52,58,32,16,11,2,1,0,0,0,0,0,0,0,0,341,-3.1835638,55.9446958,138.10000610351565,20.921999999999997,0,0,3
162,1518740630357,4.229668,6.225239299999999,8.4155655,34.2,43.0,172,49,45,31,11,8,2,1,0,1,0,0,0,0,0,0,320,-3.183557,55.94469229999999,138.10000610351565,20.871,0,0,3
163,1518740639442,4.385891,6.6272984,7.370246400000001,34.2,43.0,180,55,46,40,12,9,4,2,0,0,0,0,0,0,0,0,348,-3.1835577999999995,55.9446917,144.5,20.884,0,0,3
164,1518740647873,4.510830400000001,6.2907662,6.4787927000000005,34.2,43.0,192,52,35,29,11,8,1,0,0,0,0,0,0,0,0,0,328,-3.1835713,55.9446946,138.10000610351565,20.678,0,0,3
165,1518740656958,4.041254,6.1369295,6.449158000000001,34.2,43.600002,159,48,48,37,10,12,3,0,0,0,0,0,0,0,0,0,317,-3.1835391,55.9447005,138.10000610351565,20.843000000000004,0,0,3
166,1518740666040,4.2259519999999995,6.5376496,7.298646000000001,34.2,43.600002,154,53,56,30,11,12,4,2,0,0,0,0,0,0,0,0,322,-3.1835539,55.9446917,138.10000610351565,20.636,0,0,3
167,1518740674473,3.914504,5.8310113,6.211473000000001,34.2,43.600002,147,49,45,25,10,14,0,1,0,0,0,0,0,0,0,0,291,-3.1835455,55.94468440000001,144.5,20.895,0,0,3
168,1518740684205,4.168659,6.418882,7.008725,34.2,43.600002,165,56,51,39,10,12,5,1,0,0,0,0,0,0,0,0,339,-3.183535,55.9446928,144.5,20.773000000000003,0,0,3
169,1518740693287,3.8061422999999994,6.027172,10.320949,34.2,43.600002,135,51,51,31,11,7,8,0,1,0,1,0,0,0,0,0,296,-3.1835567000000005,55.9446925,138.10000610351565,20.944000000000003,0,0,3
170,1518740701721,3.7771077000000006,5.6019206,6.942859599999999,34.2,43.600002,147,57,37,30,10,3,4,2,1,0,0,0,0,0,0,0,291,-3.1835355,55.94469300000001,144.5,20.873,0,0,3
171,1518740710804,3.9893997000000003,6.0878057,7.202195599999999,34.2,43.600002,150,62,45,29,10,9,7,0,1,0,0,0,0,0,0,0,313,-3.1835565,55.944691799999994,138.10000610351565,20.772,0,0,3
172,1518740719888,3.7914286,5.908258999999999,6.506065,34.2,43.600002,128,59,40,28,8,9,9,0,0,0,0,0,0,0,0,0,281,-3.1835732999999995,55.9446956,138.10000610351565,20.776,0,0,3
173,1518740728320,3.9940305,5.8811026,6.184067199999999,34.2,41.9,142,56,52,25,9,6,4,0,0,0,0,0,0,0,0,0,294,-3.1835557,55.94469229999999,138.10000610351565,20.943,0,0,3
174,1518740737409,3.9639453999999996,5.9920278,8.82114,34.2,41.9,159,54,42,25,12,6,7,0,1,1,0,0,0,0,0,0,307,-3.1835447,55.9446846,138.10000610351565,20.947,7,0,3
175,1518740746487,3.8513553,5.808390599999999,13.159639000000002,34.2,41.9,135,47,54,35,7,10,1,0,0,0,0,1,0,0,0,0,290,-3.1835673,55.9446839,138.10000610351565,19.921,8,0,3
176,1518740754271,4.096264,6.009546299999999,6.291794,34.2,41.9,163,48,39,37,9,7,3,0,0,0,0,0,0,0,0,0,306,-3.1835709999999997,55.9446956,138.10000610351565,19.897000000000002,9,0,3
177,1518740762704,4.0994706,6.608917699999999,26.283585,34.2,41.9,122,48,55,27,13,14,5,0,0,0,1,2,0,0,0,0,287,-3.1835562000000004,55.944692599999996,138.10000610351565,20.903000000000002,9,0,3
178,1518740771783,4.0001626,6.412364,7.087697,34.2,41.9,135,57,54,40,16,8,7,1,0,0,0,0,0,0,0,0,318,-3.1835564,55.9446925,138.10000610351565,20.885,9,0,3
179,1518740780871,4.000876399999999,6.091224700000001,6.596667299999999,34.2,41.9,153,48,45,33,14,9,3,1,0,0,0,0,0,0,0,0,306,-3.1835458,55.944684499999994,144.5,20.717,9,0,3
180,1518740789952,4.1752715,6.3949300000000004,8.526186000000001,34.2,41.9,133,59,48,33,16,6,4,0,0,1,0,0,0,0,0,0,300,-3.1835583,55.944692,138.10000610351565,20.875,9,0,3
181,1518740797734,4.0606894,6.1331263,9.9811,34.2,41.9,138,45,46,31,6,10,3,0,0,0,1,0,0,0,0,0,280,-3.1835539,55.94469229999999,138.10000610351565,20.828000000000003,9,0,3
182,1518740805522,3.7754197,5.8132972999999994,16.05434,34.2,40.5,115,51,40,29,6,13,2,0,0,1,0,1,0,0,0,0,258,-3.1835560000000003,55.9446925,138.10000610351565,20.923000000000002,9,0,3
183,1518740814608,3.5466847,5.6010637,8.944818,34.2,40.5,106,46,42,24,9,7,3,2,1,1,0,0,0,0,0,0,241,-3.1835568,55.944692700000004,138.10000610351565,20.933000000000003,9,0,3
184,1518740823039,3.5189455,4.9042444000000005,5.1882606,34.2,40.5,123,41,41,17,4,3,0,1,0,0,0,0,0,0,0,0,230,-3.183557,55.9446922,138.10000610351565,20.86,9,0,3
185,1518740830824,3.7769275,5.6849346,5.8693066,34.2,40.5,121,49,50,33,7,9,1,0,0,0,0,0,0,0,0,0,270,-3.1835543,55.9446919,138.10000610351565,20.784000000000002,9,0,3
186,1518740839258,3.2772097999999996,4.963062,5.515349,34.2,40.5,136,40,37,24,8,7,5,1,0,0,0,0,0,0,0,0,258,-3.1835564,55.944692599999996,138.10000610351565,20.88,9,1,3
187,1518740847692,3.774117,5.5414129999999995,5.756341,34.2,40.5,133,51,44,30,7,7,2,0,0,0,0,0,0,0,0,0,274,-3.1835588,55.9446921,138.10000610351565,20.884,9,0,3
188,1518740856774,4.172001,6.1552534,7.253777,34.2,40.5,155,52,54,33,6,4,3,1,1,0,0,0,0,0,0,0,309,-3.1835598999999997,55.9446916,138.10000610351565,20.96,9,0,3
189,1518740865208,4.3007154000000005,6.3708305,10.351181,34.2,40.5,135,50,53,23,12,6,1,0,0,2,0,0,0,0,0,0,282,-3.1835716,55.9446953,138.10000610351565,20.706999999999997,9,0,3
190,1518740873641,4.454657,6.7136526,14.581370000000001,34.2,40.2,143,56,60,36,5,8,4,0,0,0,0,1,0,0,0,0,313,-3.1835569,55.9446922,138.10000610351565,20.904,9,0,3
191,1518740882724,3.888436,5.9972672,6.2926779999999995,34.2,40.2,113,57,52,28,15,8,3,0,0,0,0,0,0,0,0,0,276,-3.1835355,55.9446921,138.10000610351565,20.826999999999998,9,0,3
192,1518740891158,3.3645297999999997,5.20404,5.3577094,34.2,40.2,116,36,41,29,17,9,0,0,0,0,0,0,0,0,0,0,248,-3.1835555,55.944692,138.10000610351565,20.823,9,0,3
193,1518740900241,3.466827,5.1654267,7.1263804,34.2,40.2,146,39,41,22,11,8,3,0,0,1,0,0,0,0,0,0,271,-3.1835555,55.9446922,138.10000610351565,20.881,9,0,3
194,1518740908671,3.8866217000000005,5.8086753,6.959455999999999,34.2,40.2,139,49,45,23,7,10,2,1,1,0,0,0,0,0,0,0,277,-3.1835565,55.9446925,138.10000610351565,20.881999999999998,9,0,3
195,1518740917108,4.079467,6.0007415,6.292221,34.2,40.2,131,67,43,25,10,9,3,0,0,0,0,0,0,0,0,0,288,-3.1835723999999996,55.944695200000005,138.10000610351565,20.866999999999997,9,0,3
196,1518740924893,3.7080705000000003,5.6359699999999995,6.1555305,34.2,40.2,125,40,40,28,8,7,3,1,0,0,0,0,0,0,0,0,252,-3.183553,55.944692,138.10000610351565,20.783,9,0,3
197,1518740933977,3.9327726000000003,5.9748535,6.656205,34.2,40.2,147,41,47,34,12,4,3,2,0,0,0,0,0,0,0,0,290,-3.1835564,55.9446928,138.10000610351565,20.871,9,0,3
198,1518740942409,3.570587,5.4733605,6.0100727,34.2,40.2,129,49,43,27,8,10,4,1,0,0,0,0,0,0,0,0,271,-3.1835571,55.944692700000004,138.10000610351565,20.845,9,0,3
199,1518740950840,3.878196,5.8000107000000005,10.361692999999999,34.2,42.2,144,57,39,25,11,10,1,2,1,0,1,0,0,0,0,0,291,-3.1835577999999995,55.9446919,138.10000610351565,20.933000000000003,9,0,3
200,1518740959277,3.9121735,5.999017,6.56185,34.2,42.2,129,49,44,30,11,7,4,1,0,0,0,0,0,0,0,0,275,-3.1835548,55.9446919,138.10000610351565,20.89,9,0,3
201,1518740967711,4.440933,6.828459,8.049532000000001,34.2,42.2,135,56,54,41,9,6,3,1,1,0,0,0,0,0,0,0,306,-3.1835565,55.944692599999996,138.10000610351565,20.951,9,0,3
202,1518740976143,4.0032682,6.3018246,7.429028,34.2,42.2,121,55,46,23,10,8,6,3,0,0,0,0,0,0,0,0,272,-3.1835167,55.944672700000005,144.5,20.842,9,0,3
203,1518740983280,3.9583576000000003,5.8089504000000005,6.1531487,34.2,42.2,135,44,38,25,6,6,4,0,0,0,0,0,0,0,0,0,258,-3.1835582000000002,55.944692599999996,138.10000610351565,20.861,9,0,3
204,1518740994308,3.9654635999999996,6.096911,7.089789,34.2,42.2,151,45,50,26,8,8,5,3,0,0,0,0,0,0,0,0,296,-3.1835572,55.9446925,138.10000610351565,20.96,9,0,3
205,1518741002744,3.5671687000000007,5.4410685999999995,8.349342,34.2,42.2,128,49,46,22,6,6,5,1,1,1,0,0,0,0,0,0,265,-3.1835579,55.9446909,138.10000610351565,20.934,9,0,3
206,1518741010529,3.7723352999999995,5.6679900000000005,6.0699677,34.2,42.2,146,40,44,33,8,10,1,1,0,0,0,0,0,0,0,0,283,-3.1835563,55.9446912,138.10000610351565,20.840999999999998,9,0,3
207,1518741018314,4.144382,5.9616226999999995,6.213321700000001,34.2,38.8,145,52,47,25,8,4,3,0,0,0,0,0,0,0,0,0,284,-3.183553,55.944692,144.5,20.697,9,0,3
208,1518741025450,3.5055254000000002,5.2136683,5.5498557,34.2,38.8,122,34,37,18,9,5,4,0,0,0,0,0,0,0,0,0,229,-3.183555,55.9446928,138.10000610351565,20.868000000000002,9,0,3
209,1518741033235,3.5647342000000006,5.152336599999999,5.5202084000000005,34.2,38.8,107,44,38,18,10,2,1,1,0,0,0,0,0,0,0,0,221,-3.1835548,55.9446924,138.10000610351565,20.933000000000003,9,0,3
210,1518741041020,3.8860455000000003,5.6849737000000005,6.9339356,34.2,38.8,128,42,41,25,4,2,3,1,1,0,0,0,0,0,0,0,247,-3.1835577999999995,55.9446921,138.10000610351565,20.916,9,0,3
211,1518741049454,3.7765875,5.543189,5.8327293,34.2,38.8,120,60,40,18,9,9,3,0,0,0,0,0,0,0,0,0,259,-3.1835419,55.9447007,138.10000610351565,20.969,9,0,3
212,1518741057885,3.7115924,5.230575599999999,5.3151135,34.2,38.8,119,53,44,23,4,5,0,0,0,0,0,0,0,0,0,0,248,-3.1835703,55.944695499999995,138.10000610351565,20.930999999999997,9,0,3
213,1518741065673,3.6619534,5.413906,5.740625,34.2,38.8,117,35,51,17,11,5,0,1,0,0,0,0,0,0,0,0,237,-3.1835553,55.9446924,138.10000610351565,20.908,9,0,3
214,1518741074106,3.5479182999999996,4.9804059999999994,8.793301,34.2,38.8,117,52,35,24,6,0,1,1,0,0,1,0,0,0,0,0,237,-3.1835557999999997,55.944692700000004,138.10000610351565,20.945,9,0,3
215,1518741082537,3.6504343,5.364084200000001,6.3221099999999995,34.2,38.8,121,49,43,21,6,5,3,0,1,0,0,0,0,0,0,0,249,-3.1835401,55.94470079999999,138.10000610351565,20.954,9,1,3
216,1518741091623,3.746465,5.379025,13.547768,34.2,36.9,120,58,43,21,5,4,1,2,0,0,0,1,0,0,0,0,255,-3.1835572,55.94469229999999,138.10000610351565,20.99,9,0,3
217,1518741098759,3.5520062000000006,5.3759375,7.918545699999999,34.2,36.9,110,47,36,19,4,8,4,1,0,1,0,0,0,0,0,0,230,-3.1835562000000004,55.9446921,138.10000610351565,20.921,9,0,3
218,1518741107842,3.7185884,5.550041,6.124882700000001,34.2,36.9,126,40,45,26,3,10,0,2,0,0,0,0,0,0,0,0,252,-3.1835548,55.9446925,138.10000610351565,20.889,9,0,3
219,1518741114980,4.278512,6.049769,6.205292,34.2,36.9,136,60,43,26,7,5,1,0,0,0,0,0,0,0,0,0,278,-3.1835565,55.9446922,138.10000610351565,20.988000000000003,9,0,3
220,1518741124061,3.6020347999999998,5.342247,5.732890599999999,34.2,36.9,116,48,45,28,10,2,2,1,0,0,0,0,0,0,0,0,252,-3.1835560000000003,55.9446917,138.10000610351565,20.913,9,0,3
221,1518741131851,3.4139397000000002,5.0667953,7.2860130000000005,34.2,36.9,117,31,43,18,8,1,4,0,0,1,0,0,0,0,0,0,223,-3.1835414,55.9447011,138.10000610351565,20.901,9,0,3
222,1518741140280,3.5401279999999997,5.0737575999999995,5.2737099999999995,34.2,36.9,135,43,35,25,7,5,2,0,0,0,0,0,0,0,0,0,252,-3.183555,55.944692599999996,138.10000610351565,20.956999999999997,9,0,3
223,1518741148065,3.4784653,5.4769053,7.021611,34.2,36.9,113,38,41,33,1,5,5,2,1,0,0,0,0,0,0,0,239,-3.1835424,55.944691799999994,138.10000610351565,20.951,9,0,3
224,1518741157147,3.4838902999999997,5.123684,5.5161557,34.100002,38.3,124,46,41,28,7,4,2,1,0,0,0,0,0,0,0,0,253,-3.1835558999999995,55.9446921,138.10000610351565,20.945,9,0,3
225,1518741164929,3.9167144,5.652203,6.0249176,34.100002,38.3,137,45,45,26,4,6,1,1,0,0,0,0,0,0,0,0,265,-3.1835558999999995,55.9446921,138.10000610351565,20.921999999999997,9,0,3
226,1518741172717,3.4685947999999995,5.146107700000001,7.259864299999999,34.100002,38.3,110,43,39,22,8,5,2,0,0,1,0,0,0,0,0,0,230,-3.1835353,55.9446922,138.10000610351565,20.840999999999998,9,0,3
227,1518741181151,3.5613441,5.016393700000001,5.3093734,34.100002,38.3,134,34,41,20,6,3,0,1,0,0,0,0,0,0,0,0,239,-3.1835366,55.9446924,138.10000610351565,20.896,9,0,3
228,1518741189585,3.9346693,5.641585,5.943164,34.100002,38.3,135,50,46,32,3,5,0,1,0,0,0,0,0,0,0,0,272,-3.1835586,55.944691799999994,138.10000610351565,20.976999999999997,9,0,3
229,1518741198020,3.487366,5.037855599999999,5.2128596,34.100002,38.3,131,39,36,20,8,8,1,0,0,0,0,0,0,0,0,0,243,-3.1835574,55.944692700000004,138.10000610351565,20.936999999999998,9,0,3
230,1518741205805,3.8273053,5.8245697,7.2479844,34.100002,38.3,124,39,48,19,11,5,2,2,1,0,0,0,0,0,0,0,251,-3.183558,55.944692,138.10000610351565,20.849,9,0,3
231,1518741213590,4.1458154,6.1430917,8.385652,34.100002,38.3,130,44,52,19,6,7,3,0,0,1,0,0,0,0,0,0,262,-3.1835727000000005,55.944695700000004,138.10000610351565,20.875,9,0,3
232,1518741222024,3.4065957,5.1042666,5.671114,34.100002,38.3,131,37,41,32,4,7,1,2,0,0,0,0,0,0,0,0,255,-3.1835348999999997,55.9447007,138.10000610351565,20.871,9,0,3
233,1518741230457,3.7590077000000006,5.455661,5.6813183,34.100002,38.8,136,56,38,29,5,9,2,0,0,0,0,0,0,0,0,0,275,-3.1835554,55.944691799999994,138.10000610351565,20.973000000000003,9,0,3
234,1518741239542,4.2644652999999995,6.600341,7.025183,34.100002,38.8,127,61,56,27,12,11,5,0,0,0,0,0,0,0,0,0,299,-3.1835714,55.944696400000005,138.10000610351565,20.989,8,390,3
