phoneTimestamp,pm1,pm2_5,pm10,temperature,humidity,bin0,bin1,bin2,bin3,bin4,bin5,bin6,bin7,bin8,bin9,bin10,bin11,bin12,bin13,bin14,bin15,total,gpsLongitude,gpsLatitude,gpsAltitude,gpsAccuracy,luxLevel,motion
1519868498237,16.648584,32.007977,103.32243,0,0,385,143,98,53,32,45,41,26,14,9,3,0,0,0,0,0,849,-3.1836579,55.9447512,0,10,6,0
1519868503423,16.357038,34.119457,130.28423,0,0,355,148,90,58,39,49,51,29,22,9,3,1,0,0,0,0,854,-3.1836579,55.9447512,0,10,9,0
1519868511211,15.701307,31.740707,69.88692,19.9,67,383,132,107,59,34,46,69,25,10,3,1,0,0,0,0,0,869,-3.1835304,55.9447156,0,16.988,5,0
1519868518996,15.072403,28.839558,66.92078,19.9,67,374,153,109,75,38,46,43,22,16,3,1,0,0,0,0,0,880,-3.183605,55.9447399,0,14.752,11,0
1519868526779,13.452643,26.559132,51.253265,19.9,67,362,134,83,62,24,45,58,26,7,2,0,0,0,0,0,0,803,-3.1837814,55.9446833,140.010268142541,10.268,8,0
1519868533915,11.723582,24.265095,50.27196,19.9,67,317,134,73,59,27,48,61,26,7,3,0,0,0,0,0,0,755,-3.1838093,55.9446541,137.682073761176,13.029,11,0
1519868541699,11.314596,22.73487,47.00642,19.9,67,280,133,84,47,23,42,50,20,13,1,0,0,0,0,0,0,693,-3.1838224,55.9445811,134.326784476194,13.874,19,0
1519868548837,10.151845,17.938116,25.931252,19.9,67,304,114,68,51,25,31,36,9,3,0,0,0,0,0,0,0,641,-3.1837929,55.9445277,131.52773488846,14.813,20,0
1519868556629,8.474709,14.762313,24.329597,19.9,67,302,107,46,41,27,27,33,7,4,1,0,0,0,0,0,0,595,-3.1837123,55.9444859,129.686938287042,15.909,20,0
1519868563761,7.763327,13.788016,18.761753,19.9,67,287,82,43,52,22,31,31,7,1,0,0,0,0,0,0,0,556,-3.1836555,55.9444472,127.562102250053,16.109,20,0
1519868571552,7.7012024,12.943416,18.350496,20.4,65.4,277,87,51,30,20,28,25,4,3,0,0,0,0,0,0,0,525,-3.1835928,55.9444218,125.826345597201,15.187,20,0
1519868579331,6.892413,12.241882,15.635665,20.4,65.4,242,80,46,38,18,27,33,4,0,0,0,0,0,0,0,0,488,-3.1835339,55.9444015,124.324326046749,17.158,20,0
1519868587118,6.1459875,10.4060545,13.544689,20.4,65.4,230,65,34,26,18,16,25,5,0,0,0,0,0,0,0,0,419,-3.1834435,55.9443407,122.241600243113,15.401,20,0
1519868594252,5.9522157,9.555604,10.6866455,20.4,65.4,212,53,49,27,31,12,14,0,0,0,0,0,0,0,0,0,398,-3.183357,55.9443215,120.624273385171,17.232,20,0
1519868601397,4.3874097,7.3364396,8.773635,20.4,65.4,169,45,33,23,19,18,12,2,0,0,0,0,0,0,0,0,321,-3.183218,55.9442592,119.312207777875,21.986,20,0
1519868609174,4.8727055,7.641446,9.88632,20.4,65.4,167,67,35,27,11,11,10,3,1,0,0,0,0,0,0,0,332,-3.1829426,55.9441355,116.837251888448,21.347,20,0
1519868616956,4.487016,7.4272766,8.634281,20.4,65.4,162,45,33,26,11,21,11,1,0,0,0,0,0,0,0,0,310,-3.1826922,55.9439846,116.073263517578,24.564,20,0
1519868624749,4.343532,6.805424,7.6992717,20.4,65.4,145,45,38,21,18,7,8,1,0,0,0,0,0,0,0,0,283,-3.1832852,55.9445117,144.800003051758,13.047,20,0
1519868631879,3.6877894,5.581089,6.2604437,20.4,65.4,129,60,19,25,11,11,5,1,0,0,0,0,0,0,0,0,261,-3.1834996,55.9446936,144.800003051758,12.24,20,0
1519868639674,3.582604,5.7170253,7.1621633,20.800001,67,117,51,29,21,6,19,4,1,1,0,0,0,0,0,0,0,249,-3.1834709,55.9446816,0,11.393,20,0
1519868647453,3.3398104,5.007961,5.407515,20.800001,67,126,39,30,17,11,7,5,0,0,0,0,0,0,0,0,0,235,-3.1834844,55.9446919,0,11.778,20,0
1519868654599,3.2824125,5.536513,6.0160966,20.800001,67,91,37,41,22,19,12,5,0,0,0,0,0,0,0,0,0,227,-3.1834822,55.944677,144.800003051758,11.455,20,0
1519868663024,2.7062893,4.2662387,4.656321,20.800001,67,112,29,22,14,12,13,4,0,0,0,0,0,0,0,0,0,206,-3.1834814,55.9446731,144.800003051758,15.455,20,0
1519868670803,3.4236455,4.895159,5.3183513,20.800001,67,125,47,32,16,7,6,2,1,0,0,0,0,0,0,0,0,236,-3.1833869,55.9446003,0,14.763,20,0
1519868677945,3.3882914,5.0636725,5.572976,20.800001,67,129,44,30,22,9,9,3,1,0,0,0,0,0,0,0,0,247,-3.1832727,55.9445124,0,19.135,20,0
1519868685078,3.3555918,5.294594,6.143164,20.800001,67,111,48,30,21,5,8,9,1,0,0,0,0,0,0,0,0,233,-3.18322,55.9444719,0,21.775,20,0
1519868692862,3.530756,5.580895,6.465915,20.800001,67,132,47,27,23,6,12,9,1,0,0,0,0,0,0,0,0,257,-3.1831687,55.9444323,0,24.751,20,0
1519868699999,3.6299832,5.8682942,6.6503963,20.800001,67,138,54,31,27,13,11,12,0,0,0,0,0,0,0,0,0,286,-3.1830667,55.9443538,0,31.769,20,0
1519868708434,4.1382456,6.4873,7.8102665,21.2,69.8,177,53,40,29,16,11,10,0,1,0,0,0,0,0,0,0,337,-3.183016,55.9443148,0,35.849,20,1
1519868715570,4.7310853,7.485313,8.824586,21.2,69.8,196,68,32,32,21,17,9,3,0,0,0,0,0,0,0,0,378,-3.1829649,55.9442754,0,40.301,20,0
1519868723358,5.3624096,9.133654,11.622422,21.2,69.8,223,73,41,29,16,27,24,1,1,0,0,0,0,0,0,0,435,-3.1828628,55.9441969,0,50.269,20,0
1519868731786,6.0520735,10.740427,15.578035,21.2,69.8,259,98,48,34,37,35,24,7,3,0,0,0,0,0,0,0,545,-3.1828155,55.9441604,0,55.91,20,0
1519868740227,7.0346456,12.250187,17.938244,21.2,69.8,289,124,64,43,24,27,31,14,2,0,0,0,0,0,0,0,618,-3.1834759,55.9446783,0,15.562,20,0
1519868748009,6.883847,12.904072,19.197443,21.2,69.8,256,113,69,51,22,51,34,8,4,0,0,0,0,0,0,0,608,-3.1835005,55.9446994,0,13.272,20,0
1519868755793,6.8712206,12.518043,27.310583,21.2,69.8,249,117,60,51,29,35,31,11,0,2,0,1,0,0,0,0,586,-3.1835092,55.9447099,144.800003051758,12.201,20,0
1519868763579,6.633272,12.196681,15.6597185,21.2,69.8,253,109,65,41,32,40,38,6,0,0,0,0,0,0,0,0,584,-3.1835096,55.9447221,0,11.573,20,0
1519868772688,6.680947,11.251328,19.833513,21.5,71.700005,260,121,55,55,26,24,28,4,0,0,2,0,0,0,0,0,575,-3.1835063,55.9447289,0,10.92,20,0
1519868779793,6.3152757,12.021381,21.571026,21.5,71.700005,251,100,59,55,32,30,37,7,7,1,0,0,0,0,0,0,579,-3.1835163,55.9447253,0,10.759,20,0
1519868786287,6.2602277,11.414031,15.463393,21.5,71.700005,240,112,61,55,30,30,34,8,1,0,0,0,0,0,0,0,571,-3.1835181,55.9447253,144.800003051758,10.633,20,0
1519868794732,6.2072306,11.197193,17.32572,21.5,71.700005,241,119,53,34,24,30,27,17,2,0,0,0,0,0,0,0,547,-3.1835225,55.9447263,0,18.98,20,0
1519868801852,6.710564,11.466312,17.09406,21.5,71.700005,265,105,58,39,26,32,21,9,1,1,0,0,0,0,0,0,557,-3.1835224,55.9447256,0,19.025,20,0
1519868809661,6.391893,10.815805,14.539454,21.5,71.700005,246,112,59,34,24,31,20,9,1,0,0,0,0,0,0,0,536,-3.1835048,55.944741,0,19.026,20,0
1519868817425,6.060868,11.124807,20.286112,21.5,71.700005,235,99,52,54,28,28,29,9,1,3,0,0,0,0,0,0,538,-3.1835278,55.944724,144.800003051758,19.117,20,0
1519868825207,5.886329,10.903127,17.249563,21.5,71.700005,217,108,60,42,24,34,28,13,1,1,0,0,0,0,0,0,528,-3.1835074,55.9447416,0,19.316,20,0
1519868833669,6.2373347,11.426635,18.081963,21.5,71.700005,218,98,65,39,23,32,25,13,1,1,0,0,0,0,0,0,515,-3.1835326,55.9447121,144.800003051758,18.829,20,0
1519868839480,5.608722,9.8462305,13.944424,21.9,74.1,189,103,50,41,25,20,19,11,1,0,0,0,0,0,0,0,459,-3.1835351,55.9447184,144.800003051758,19.044,20,0
1519868847269,5.4488034,9.577541,12.732248,21.9,74.1,198,100,53,40,19,23,24,9,0,0,0,0,0,0,0,0,466,-3.1835344,55.9447198,0,19.261,20,0
1519868856346,5.3849225,9.768992,13.48416,21.9,74.1,208,108,53,42,27,25,31,8,1,0,0,0,0,0,0,0,503,-3.1835193,55.9447259,0,19.127,20,0
1519868864798,5.2047524,8.801502,14.590888,21.9,74.1,200,97,57,28,18,25,17,4,4,1,0,0,0,0,0,0,451,-3.1835146,55.9447281,0,18.913,20,0
1519868870625,4.981369,9.325526,19.15125,21.9,74.1,216,84,54,37,19,25,32,8,4,1,1,0,0,0,0,0,481,-3.1835327,55.9447229,0,19.094,20,0
1519868879056,5.334541,9.479208,12.1073675,21.9,74.1,189,91,54,42,26,22,24,6,0,0,0,0,0,0,0,0,454,-3.1835237,55.944725,0,19.235,20,0
1519868885545,5.181819,9.353515,13.466688,21.9,74.1,179,98,47,42,28,18,25,7,2,0,0,0,0,0,0,0,446,-3.1835237,55.944725,0,19.235,20,0
1519868892681,5.000637,9.362082,13.895635,21.9,74.1,197,84,45,44,24,20,31,8,2,0,0,0,0,0,0,0,455,-3.183497,55.9447305,144.800003051758,19.147,20,0
1519868901110,5.0017633,9.165122,13.9928255,22.2,75.1,218,92,56,48,35,27,20,12,3,0,0,0,0,0,0,0,511,-3.1835327,55.9447324,0,19.018,20,0
1519868908904,5.0846114,9.4265375,12.4790745,22.2,75.1,207,100,51,44,18,33,34,7,0,0,0,0,0,0,0,0,494,-3.1835375,55.9447107,144.800003051758,18.904,20,0
1519868916684,5.080579,8.585193,11.711525,22.2,75.1,214,96,53,28,20,31,17,5,2,0,0,0,0,0,0,0,466,-3.1835258,55.9447196,0,14.54,20,0
1519868924467,4.3666096,8.102843,12.01148,22.2,75.1,176,85,45,37,29,34,20,7,0,1,0,0,0,0,0,0,434,-3.18353,55.9447268,0,12.881,20,0
1519868932912,4.9530287,8.65873,11.978548,22.2,75.1,201,105,58,33,26,28,22,6,2,0,0,0,0,0,0,0,481,-3.1835324,55.9447236,0,11.367,20,0
1519868941345,4.61149,8.423316,11.933188,22.2,75.1,193,97,55,51,26,25,29,3,3,0,0,0,0,0,0,0,482,-3.1835292,55.9447289,0,11.028,20,0
1519868949770,4.508767,8.029681,10.297993,22.2,75.1,181,82,66,41,25,22,24,3,1,0,0,0,0,0,0,0,445,-3.1835275,55.9447278,0,10.786,20,0
1519868956908,4.532883,8.860582,15.517672,22.2,75.1,175,86,35,41,28,33,29,6,1,2,0,0,0,0,0,0,436,-3.1835213,55.9447299,0,10.646,20,0
1519868965338,4.190073,7.6456265,11.419459,22.2,75.1,168,73,48,32,15,24,20,8,2,0,0,0,0,0,0,0,390,-3.1835124,55.9447327,144.800003051758,10.582,20,0
1519868971823,4.5365534,8.101766,12.503976,22.6,75.9,165,91,63,28,16,18,22,9,3,0,0,0,0,0,0,0,415,-3.183518,55.9447286,144.800003051758,10.478,20,0
1519868980262,4.497181,7.9651794,11.586162,22.6,75.9,187,93,48,37,28,24,20,5,3,0,0,0,0,0,0,0,445,-3.1835201,55.9447264,144.800003051758,10.426,20,0
1519868988043,4.3722935,7.597095,11.218753,22.6,75.9,191,93,40,30,23,24,21,6,0,1,0,0,0,0,0,0,429,-3.1835197,55.9447269,0,10.398,20,0
1519868996478,4.171594,7.353478,9.556929,22.6,75.9,175,93,43,51,22,25,19,4,1,0,0,0,0,0,0,0,433,-3.1835205,55.9447265,0,10.398,20,0
1519869004266,4.5362787,8.005871,9.86101,22.6,75.9,146,101,57,36,18,28,20,4,0,0,0,0,0,0,0,0,410,-3.1835177,55.9447316,0,10.399,20,0
1519869012049,4.1776514,7.4986935,11.546695,22.6,75.9,169,90,37,43,25,27,12,9,3,0,0,0,0,0,0,0,415,-3.1835222,55.9447312,0,10.36,20,0
1519869019188,4.5904336,8.1900015,12.691963,22.6,75.9,166,89,51,42,28,23,18,4,2,1,0,0,0,0,0,0,424,-3.1835246,55.944729,0,10.379,20,0
1519869026973,3.572334,6.513629,10.497415,22.6,75.9,140,76,32,37,19,26,17,2,2,1,0,0,0,0,0,0,352,-3.1835219,55.9447326,0,10.358,20,0
1519869034753,3.9829998,6.829619,8.252591,22.9,76.6,160,75,47,34,13,26,15,3,0,0,0,0,0,0,0,0,373,-3.1835175,55.9447298,144.800003051758,10.353,20,0
1519869043835,4.163347,7.033813,10.114601,22.9,76.6,185,95,37,35,19,20,15,7,2,0,0,0,0,0,0,0,415,-3.1835129,55.9447347,0,10.344,20,0
1519869050982,3.6896603,7.09312,9.695273,22.9,76.6,139,78,54,39,21,27,26,5,1,0,0,0,0,0,0,0,390,-3.1835053,55.9447391,144.800003051758,10.346,20,0
1519869059422,3.617509,6.166191,8.742854,22.9,76.6,166,86,35,38,18,19,19,2,0,1,0,0,0,0,0,0,384,-3.1835057,55.944742,0,10.402,20,0
1519869066556,3.4217184,6.421556,7.7056766,22.9,76.6,124,57,49,28,22,27,19,1,0,0,0,0,0,0,0,0,327,-3.1835011,55.9447417,144.800003051758,10.402,20,0
1519869074329,3.810521,6.81354,9.400754,22.9,76.6,145,85,41,24,21,33,15,3,2,0,0,0,0,0,0,0,369,-3.1835113,55.9447369,0,10.363,20,0
1519869082116,4.0117946,7.277151,9.648764,22.9,76.6,157,94,35,42,19,24,22,7,0,0,0,0,0,0,0,0,400,-3.1835088,55.9447364,0,10.347,20,0
1519869089249,3.795603,6.5632772,8.129842,22.9,76.6,141,84,41,36,26,22,14,1,1,0,0,0,0,0,0,0,366,-3.183516,55.9447305,0,10.342,20,0
1519869096386,3.9012823,7.021466,9.655753,22.9,76.6,151,78,40,41,21,26,13,7,1,0,0,0,0,0,0,0,378,-3.1835225,55.9447306,0,10.336,20,0
1519869105477,4.1877356,7.463042,10.483836,23.2,77.3,162,72,64,34,16,27,15,6,2,0,0,0,0,0,0,0,398,-3.1835159,55.9447288,144.800003051758,10.359,20,0
1519869112614,3.666732,6.146005,7.53272,23.2,77.3,154,68,45,33,15,25,10,1,1,0,0,0,0,0,0,0,352,-3.1835166,55.9447324,0,10.377,20,0
1519869120386,3.919638,7.0856276,9.627612,23.2,77.3,150,69,55,41,17,29,15,3,2,0,0,0,0,0,0,0,381,-3.1835348,55.9447232,144.800003051758,10.303,19,0
1519869128820,3.6767035,6.4832163,8.100166,23.2,77.3,165,75,38,38,22,22,18,4,0,0,0,0,0,0,0,0,382,-3.1835345,55.9447172,144.800003051758,10.283,10,0
1519869136607,3.7415147,169.49648,6241.7905,23.2,77.3,48,27,27,64,78,235,911,1058,620,944,813,288,8,0,0,0,5121,-3.1835369,55.9447197,0,10.222,15,1797
1519869145039,11.077938,311.178,6528.7246,23.2,77.3,50,94,171,283,403,914,2405,2054,1336,1940,863,160,3,0,0,0,10676,-3.1835303,55.9447274,0,11.027,13,160
1519869154124,14.147435,233.23201,3545.7131,23.2,77.3,128,163,244,474,530,1040,2146,1629,899,957,430,114,5,0,0,0,8759,-3.1835137,55.9447402,0,11.557,19,1666
1519869162564,15.498538,25.623041,28.469286,23.2,77.3,584,419,217,256,140,94,15,1,0,1,0,0,0,0,0,0,1727,-3.1835153,55.9447306,0,10.845,26,2465
1519869171638,8.695511,13.698258,15.736892,23.800001,87.8,393,234,114,87,46,42,18,7,0,0,0,0,0,0,0,0,941,-3.1835753,55.9446728,0,18.9,7,246
1519869179423,3.933235,6.6722393,8.374807,23.800001,87.8,173,104,42,47,32,20,15,3,1,0,0,0,0,0,0,0,437,-3.1835248,55.9447167,0,19.087,9,0
1519869187858,3.5629334,6.084789,7.536929,23.800001,87.8,144,81,46,25,18,21,18,0,1,0,0,0,0,0,0,0,354,-3.1835121,55.9447218,144.800003051758,19.111,9,0
1519869196290,3.7681751,6.3191175,8.897528,23.800001,87.8,171,88,50,35,23,12,19,3,0,1,0,0,0,0,0,0,402,-3.1835267,55.944706,0,20.127,9,1
1519869204763,2.7438104,4.5147223,5.7530184,23.800001,87.8,142,50,31,26,16,11,11,1,1,0,0,0,0,0,0,0,289,-3.1835009,55.9447471,0,19.223,9,0
1519869212512,3.1103663,4.660892,5.1663246,23.800001,87.8,144,72,38,21,10,12,6,1,0,0,0,0,0,0,0,0,304,-3.1835376,55.9446763,144.800003051758,19.042,9,0
1519869220947,3.317257,5.306517,6.022776,23.800001,87.8,156,78,37,28,15,13,15,0,0,0,0,0,0,0,0,0,342,-3.1835454,55.9446728,144.800003051758,18.934,10,0
1519869228738,3.2010782,5.684563,6.756687,23.800001,87.8,133,72,40,41,20,17,19,1,0,0,0,0,0,0,0,0,343,-3.1835013,55.9447407,0,26.071,10,0
1519869237165,3.2519848,5.314798,6.487012,23.800001,87.8,156,65,40,30,19,20,8,1,1,0,0,0,0,0,0,0,340,-3.183495,55.9447461,0,19.129,10,0
1519869244306,3.4976468,5.3971834,5.9808517,24.6,75.6,143,72,39,27,14,14,6,1,0,0,0,0,0,0,0,0,316,-3.1835111,55.9447506,0,26.363,10,0
1519869252090,3.127624,4.947256,6.1885443,24.6,75.6,113,75,35,22,10,11,9,1,1,0,0,0,0,0,0,0,277,-3.1834965,55.9447393,144.800003051758,19.289,10,0
1519869259871,3.3009396,5.2431307,5.769091,24.6,75.6,134,62,47,36,12,15,5,1,0,0,0,0,0,0,0,0,312,-3.1839478,55.9446665,113.923655413913,48,10,0
1519869267658,3.070759,4.8945866,5.3087454,24.6,75.6,116,55,41,25,14,13,6,0,0,0,0,0,0,0,0,0,270,-3.1839478,55.9446665,113.923655413913,48,10,0
1519869276093,3.0534098,5.105479,5.6230097,24.6,75.6,124,66,39,32,21,20,8,0,0,0,0,0,0,0,0,0,310,-3.1839854,55.9446631,0,66.234,10,0
1519869284525,3.0827048,5.0401278,6.063208,24.6,75.6,171,60,33,33,16,16,11,3,0,0,0,0,0,0,0,0,343,-3.1835067,55.9447473,0,16.093,10,0
1519869292318,3.1271167,4.800255,5.4039297,24.6,75.6,134,68,40,26,15,11,4,2,0,0,0,0,0,0,0,0,300,-3.1834988,55.9447471,0,13.56,10,0
1519869300744,2.8688643,4.6173077,5.158007,24.6,75.6,134,60,35,27,10,16,10,0,0,0,0,0,0,0,0,0,292,-3.1835052,55.9447384,144.800003051758,12.156,10,0
1519869308538,3.3560112,5.2352085,6.01485,24.9,73,158,64,36,35,15,9,8,2,0,0,0,0,0,0,0,0,327,-3.1834997,55.9447413,0,11.543,10,0
1519869316313,3.0467455,4.979692,5.466424,24.9,73,130,51,46,29,15,15,8,0,0,0,0,0,0,0,0,0,294,-3.1834981,55.9447444,0,10.942,10,0
1519869324745,2.911623,4.612696,5.290582,24.9,73,128,46,41,23,13,11,5,2,0,0,0,0,0,0,0,0,269,-3.1835013,55.944747,0,10.797,10,0
1519869332534,3.3910754,5.4953766,6.531442,24.9,73,167,68,48,31,18,12,12,3,0,0,0,0,0,0,0,0,359,-3.1834979,55.9447488,0,11.164,10,0
1519869340320,3.0263636,4.8227463,5.350369,24.9,73,141,55,32,29,14,20,4,1,0,0,0,0,0,0,0,0,296,-3.1834968,55.9447518,0,11.845,10,0
1519869348747,3.0118158,4.7050734,6.032118,24.9,73,157,44,31,30,6,11,7,2,1,0,0,0,0,0,0,0,289,-3.1835005,55.9447468,0,11.047,10,0
1519869356544,3.268928,5.1820717,6.1875896,24.9,73,156,54,38,29,13,9,9,3,0,0,0,0,0,0,0,0,311,-3.183498,55.9447469,0,10.844,10,0
1519869364334,3.0400994,4.6332235,5.4927773,24.9,73,155,60,29,29,13,6,7,3,0,0,0,0,0,0,0,0,302,-3.183509,55.9447363,0,10.54,10,0
1519869372754,3.193306,4.914934,5.604123,24.9,73,168,59,35,24,21,11,6,2,0,0,0,0,0,0,0,0,326,-3.1835095,55.9447374,0,10.495,10,0
1519869381187,3.1267774,4.913745,5.4798894,25.2,73,149,72,31,19,15,18,10,0,0,0,0,0,0,0,0,0,314,-3.1835083,55.9447395,144.800003051758,10.47,10,0
1519869389623,3.2498088,4.9057,5.6355286,25.2,73,175,56,36,23,10,12,7,2,0,0,0,0,0,0,0,0,321,-3.183513,55.94474,0,10.465,10,2
1519869398733,3.608823,5.8490906,6.723692,25.2,73,169,63,52,28,15,21,9,2,0,0,0,0,0,0,0,0,359,-3.1835111,55.9447427,0,11.234,10,0
1519869406489,3.4214284,5.359857,6.4316106,25.2,73,168,73,35,28,14,9,12,3,0,0,0,0,0,0,0,0,342,-3.1835059,55.9447441,0,19.297,10,0
1519869413687,3.5690434,5.516695,6.048436,25.2,73,155,69,33,24,15,16,8,0,0,0,0,0,0,0,0,0,320,-3.1835107,55.9447365,0,19.275,10,0
1519869421417,3.3275108,5.53965,7.3804126,25.2,73,150,53,36,37,20,14,8,1,2,0,0,0,0,0,0,0,321,-3.1835111,55.944742,0,19.217,10,0
1519869429201,2.8505201,4.408561,4.9550185,25.2,73,140,45,25,23,12,13,5,1,0,0,0,0,0,0,0,0,264,-3.1835063,55.9447621,0,26.332,10,0
1519869436332,3.2773926,5.1970997,6.192408,25.2,73,157,56,32,24,13,16,7,3,0,0,0,0,0,0,0,0,308,-3.1835067,55.9447408,0,19.179,10,0
1519869444129,3.4042983,4.873288,5.4702425,25.2,73,175,67,29,28,8,8,4,2,0,0,0,0,0,0,0,0,321,-3.1835126,55.9447427,0,19.254,10,0
1519869452555,3.8011885,5.453439,5.8259907,25.6,73.4,191,78,39,24,8,13,6,0,0,0,0,0,0,0,0,0,359,-3.1835244,55.9447402,0,19.529,10,0
1519869460984,3.1927567,4.833648,5.733186,25.6,73.4,154,60,36,27,10,11,3,4,0,0,0,0,0,0,0,0,305,-3.183501,55.9447434,0,19.213,10,0
1519869468768,3.4204667,5.1394672,5.534866,25.6,73.4,176,58,35,32,10,14,6,0,0,0,0,0,0,0,0,0,331,-3.183505,55.9447392,0,19.093,10,0
1519869476554,3.619787,5.4248347,5.9647765,25.6,73.4,159,76,38,24,11,16,5,1,0,0,0,0,0,0,0,0,330,-3.1834911,55.9447654,0,26.015,10,0
1519869484990,3.6180978,5.304694,6.121645,25.6,73.4,200,62,43,26,13,14,4,0,1,0,0,0,0,0,0,0,363,-3.1834937,55.9447462,0,19.136,10,1
1519869493424,3.6086206,5.6428857,6.795938,25.6,73.4,176,62,38,25,15,15,10,0,1,0,0,0,0,0,0,0,342,-3.1835123,55.944743,0,19.35,10,0
1519869501854,3.69529,5.4260187,6.0922728,25.6,73.4,187,76,38,25,9,15,5,2,0,0,0,0,0,0,0,0,357,-3.1835079,55.9447512,0,19.299,10,0
1519869510290,3.0899806,4.587642,5.168426,25.6,73.4,162,56,35,25,14,8,4,2,0,0,0,0,0,0,0,0,306,-3.1835078,55.9447238,144.800003051758,20.42,10,0
1519869518076,3.3421428,4.9985824,5.6438937,25.800001,73.5,188,53,31,31,8,9,9,1,0,0,0,0,0,0,0,0,330,-3.1835088,55.9447529,0,26.176,10,0
1519869525866,3.7593274,5.7169313,6.445587,25.800001,73.5,182,63,40,29,11,10,10,1,0,0,0,0,0,0,0,0,346,-3.1835,55.9447488,144.800003051758,17.161,10,0
1519869534943,3.4912217,5.4307737,5.9945517,25.800001,73.5,168,56,43,31,9,20,5,1,0,0,0,0,0,0,0,0,333,-3.1835008,55.9447385,144.800003051758,12.6,10,0
1519869542725,3.6808245,5.43555,6.201342,25.800001,73.5,197,81,27,32,13,11,8,2,0,0,0,0,0,0,0,0,371,-3.1835046,55.9447416,0,13.029,10,0
1519869550519,3.6377544,5.3898864,5.967656,25.800001,73.5,203,58,29,21,12,20,5,1,0,0,0,0,0,0,0,0,349,-3.1835041,55.944737,0,11.506,10,0
1519869558943,4.0425477,6.2396812,7.3544497,25.800001,73.5,213,83,31,28,12,16,15,2,0,0,0,0,0,0,0,0,400,-3.1835018,55.9447403,0,11.117,10,0
1519869566730,3.6663625,5.9345617,7.353403,25.800001,73.5,201,67,39,32,12,22,14,1,1,0,0,0,0,0,0,0,389,-3.1835084,55.9447373,0,11.542,9,0
1519869576460,3.226469,5.0309086,5.740619,25.800001,73.5,184,71,31,32,10,18,11,1,0,0,0,0,0,0,0,0,358,-3.1835128,55.9447271,0,10.815,10,0
1519869584898,3.7496274,5.810815,6.439869,25.800001,73.5,222,64,42,29,20,17,12,0,0,0,0,0,0,0,0,0,406,-3.1835083,55.944733,0,10.696,10,0
1519869592680,3.2759,5.0222783,5.8592906,26.1,71.6,185,62,35,25,16,8,11,2,0,0,0,0,0,0,0,0,344,-3.1835023,55.9447394,0,11.119,10,0
1519869601762,3.41092,4.994447,5.6039944,26.1,71.6,164,71,35,21,14,10,4,2,0,0,0,0,0,0,0,0,321,-3.1835001,55.9447436,0,11.818,10,0
1519869609554,3.377299,5.223209,6.3692956,26.1,71.6,181,56,39,28,15,12,8,1,1,0,0,0,0,0,0,0,341,-3.1835066,55.9447392,0,19.094,10,0
1519869617979,3.8514001,5.64795,6.35937,26.1,71.6,226,60,42,29,15,9,7,2,0,0,0,0,0,0,0,0,390,-3.1835051,55.9447564,0,25.941,10,0
1519869627078,3.9394646,5.779564,6.2586565,26.1,71.6,198,76,45,32,8,17,4,1,0,0,0,0,0,0,0,0,381,-3.1835152,55.9447392,0,26.569,10,0
1519869634848,3.6405385,5.360204,6.1262817,26.1,71.6,199,62,35,24,15,7,8,2,0,0,0,0,0,0,0,0,352,-3.1834923,55.9447464,0,21.221,10,0
1519869642652,3.7711167,5.2600965,5.844404,26.1,71.6,205,70,30,20,10,11,3,2,0,0,0,0,0,0,0,0,351,-3.1835114,55.9447504,0,26.415,10,0
1519869651069,3.6792204,5.4719105,7.549777,26.1,71.6,179,66,33,22,13,13,6,1,0,1,0,0,0,0,0,0,334,-3.1835053,55.9447453,0,19.153,10,0
1519869658210,3.2127514,4.6968436,5.1566024,26.300001,72.200005,174,45,23,20,17,11,3,1,0,0,0,0,0,0,0,0,294,-3.1835117,55.9447429,0,19.395,10,0
1519869665990,3.0689678,4.6340833,5.0977297,26.300001,72.200005,167,36,26,23,7,13,7,0,0,0,0,0,0,0,0,0,279,-3.1834861,55.9447491,0,19.046,10,0
1519869674421,3.5160618,5.447458,7.505443,26.300001,72.200005,174,52,35,22,12,17,8,0,0,1,0,0,0,0,0,0,321,-3.1834908,55.9447483,0,19.099,10,0
1519869681563,3.6874928,5.381612,5.7067413,26.300001,72.200005,173,61,35,23,14,12,4,0,0,0,0,0,0,0,0,0,322,-3.1834925,55.9447482,0,19.165,10,0
1519869690000,3.915843,5.5937705,6.327692,26.300001,72.200005,203,72,29,26,7,11,6,2,0,0,0,0,0,0,0,0,356,-3.1833505,55.9447897,113.760485567588,19.794,10,0
1519869698428,3.6240532,5.3134184,5.799788,26.300001,72.200005,203,55,40,31,13,10,5,1,0,0,0,0,0,0,0,0,358,-3.1831371,55.944857,113.760348109659,24.371,10,0
1519869706861,3.5240388,5.1969767,5.757132,26.300001,72.200005,194,59,40,29,6,12,7,1,0,0,0,0,0,0,0,0,348,-3.1831371,55.944857,113.760348109659,24.371,10,0
1519869714691,3.8609152,5.7156286,6.1780457,26.300001,72.200005,187,67,39,26,9,22,2,1,0,0,0,0,0,0,0,0,353,-3.182845,55.9449495,0,79.886,10,0
1519869723084,3.5634744,5.206713,6.3173113,26.300001,72.200005,186,58,31,20,11,12,5,1,1,0,0,0,0,0,0,0,325,-3.182845,55.9449495,0,88.6,10,0
1519869731517,3.1062586,4.427899,5.259226,26.6,73.5,181,43,21,23,12,9,3,0,1,0,0,0,0,0,0,0,293,-3.1834763,55.9447639,0,17.667,10,0
1519869738655,3.4804099,5.034532,5.5723443,26.6,73.5,184,47,35,25,7,7,6,1,0,0,0,0,0,0,0,0,312,-3.1834929,55.9447508,0,14.219,10,0
1519869747082,3.3206606,4.8893642,5.3054237,26.6,73.5,169,56,32,24,9,10,7,0,0,0,0,0,0,0,0,0,307,-3.183501,55.9447483,0,13.139,10,0
1519869754867,3.2138062,4.5823135,4.951704,26.6,73.5,189,57,21,21,11,11,6,0,0,0,0,0,0,0,0,0,316,-3.1835064,55.9447451,0,12.175,10,0
1519869763313,3.5953069,5.180476,5.8282423,26.6,73.5,181,67,36,25,7,9,5,2,0,0,0,0,0,0,0,0,332,-3.1835107,55.9447446,0,12.506,10,0
1519869771739,3.5502713,5.1204686,5.699252,26.6,73.5,208,60,38,22,7,10,8,1,0,0,0,0,0,0,0,0,354,-3.1835086,55.9447427,0,11.309,10,0
1519869780181,3.1013165,4.652094,5.165467,26.6,73.5,173,41,29,20,9,17,4,1,0,0,0,0,0,0,0,0,294,-3.1835046,55.9447437,0,11.023,10,0
1519869787958,3.861156,5.636712,6.301536,26.6,73.5,178,69,38,27,8,12,4,2,0,0,0,0,0,0,0,0,338,-3.1835052,55.9447456,0,11.738,10,0
1519869795096,3.7566392,5.485792,6.5324254,26.800001,73.5,190,57,27,22,12,12,6,0,1,0,0,0,0,0,0,0,327,-3.1835158,55.9447404,0,10.975,10,0
1519869802874,3.9903703,5.742625,6.2672186,26.800001,73.5,186,64,36,24,16,6,5,1,0,0,0,0,0,0,0,0,338,-3.1835062,55.9447432,0,10.765,10,0
1519869810670,4.0560412,5.892924,6.4232717,26.800001,73.5,192,60,34,27,12,12,4,1,0,0,0,0,0,0,0,0,342,-3.1835038,55.9447383,144.800003051758,10.567,10,0
1519869818462,4.1199265,5.9995546,8.150719,26.800001,73.5,218,57,31,35,12,9,6,1,0,1,0,0,0,0,0,0,370,-3.1835046,55.9447391,0,10.532,10,0
1519869825589,4.3426447,6.266758,6.7512584,26.800001,73.5,186,75,38,40,12,6,4,1,0,0,0,0,0,0,0,0,362,-3.1835029,55.9447412,0,10.499,10,0
1519869833371,3.2021415,4.626825,4.954399,26.800001,73.5,171,51,27,20,15,8,5,0,0,0,0,0,0,0,0,0,297,-3.1834989,55.944744,0,10.45,10,0
1519869841156,3.6127264,5.076276,5.41873,26.800001,73.5,177,54,34,23,10,9,1,1,0,0,0,0,0,0,0,0,309,-3.1835017,55.9447456,0,11.298,10,0
1519869848936,3.650426,5.1730604,5.5188866,26.800001,73.5,214,47,25,31,9,10,5,0,0,0,0,0,0,0,0,0,341,-3.1835046,55.944746,0,12.535,10,0
1519869858675,4.000106,5.9104934,6.5195565,26.800001,73.5,198,70,32,30,12,15,6,1,0,0,0,0,0,0,0,0,364,-3.1835053,55.9447436,0,11.384,10,0
1519869864509,3.851069,5.784149,6.9503517,27.1,73.6,195,57,32,25,8,14,6,4,0,0,0,0,0,0,0,0,341,-3.1835056,55.9447456,0,12.034,10,0
1519869872946,3.8960204,5.7479577,6.087792,27.1,73.6,209,45,39,27,20,12,4,0,0,0,0,0,0,0,0,0,356,-3.1835025,55.9447394,144.800003051758,11.732,10,0
1519869881376,3.7651901,5.441865,6.9417286,27.1,73.6,206,48,32,21,11,14,3,0,2,0,0,0,0,0,0,0,337,-3.1835015,55.9447435,0,12.278,10,0
1519869887863,3.9233866,5.80245,6.472901,27.1,73.6,195,58,33,20,12,7,12,0,0,0,0,0,0,0,0,0,337,-3.1835006,55.9447432,0,11.637,10,0
1519869896299,4.102031,6.0560913,7.945166,27.1,73.6,204,63,28,25,12,13,6,1,2,0,0,0,0,0,0,0,354,-3.1835003,55.9447463,0,11.906,10,0
1519869903436,4.646508,6.960504,9.175756,27.1,73.6,238,67,43,35,22,11,8,1,0,1,0,0,0,0,0,0,426,-3.1835028,55.9447388,144.800003051758,11.642,10,0
1519869911866,3.7389414,5.6749377,6.73987,27.1,73.6,186,61,36,21,10,12,9,3,0,0,0,0,0,0,0,0,338,-3.1835011,55.9447411,0,11.23,10,0
1519869919683,4.197805,6.2104383,6.9165335,27.1,73.6,233,53,38,25,13,15,8,1,0,0,0,0,0,0,0,0,386,-3.1835065,55.9447416,0,11.038,10,0
1519869927440,3.7176518,5.674993,6.2727475,27.300001,73.8,185,55,37,25,12,13,10,0,0,0,0,0,0,0,0,0,337,-3.1835049,55.9447465,0,11.728,10,0
1519869935226,3.9293652,5.470966,5.7820706,27.300001,73.8,204,53,33,18,10,10,4,0,0,0,0,0,0,0,0,0,332,-3.1835,55.9447473,0,11.64,10,0
1519869944305,4.159376,6.04416,8.299913,27.300001,73.8,212,71,33,19,10,12,9,1,0,1,0,0,0,0,0,0,368,-3.1835027,55.9447443,0,11.178,10,0
1519869954039,4.2511272,6.405631,7.2456894,27.300001,73.8,218,63,37,32,19,13,7,2,0,0,0,0,0,0,0,0,391,-3.1835038,55.9447436,0,10.959,10,0
1519869959877,4.5525265,6.887532,8.020545,27.300001,73.8,256,70,42,23,19,19,10,3,0,0,0,0,0,0,0,0,442,-3.1835073,55.9447427,0,10.706,10,0
1519869967673,4.3603888,6.4992805,7.3863835,27.300001,73.8,239,67,39,26,11,20,8,2,0,0,0,0,0,0,0,0,412,-3.1835127,55.9447408,0,10.6,10,0
1519869976096,4.105278,6.236548,6.79597,27.300001,73.8,213,57,44,30,17,14,9,0,0,0,0,0,0,0,0,0,384,-3.1835155,55.9447588,0,26.704,10,0
1519869984530,4.4178433,6.5900702,7.8212166,27.300001,73.8,231,77,39,26,17,12,12,0,1,0,0,0,0,0,0,0,415,-3.1834934,55.9447473,0,21.216,10,0
1519869992961,4.440582,6.871754,13.924104,27.300001,73.8,225,72,43,37,16,18,11,1,0,0,0,1,0,0,0,0,424,-3.1835167,55.9447375,0,20.711,10,0
1519870001399,4.2181334,6.413874,7.00905,27.5,73.5,219,62,45,39,23,13,6,1,0,0,0,0,0,0,0,0,408,-3.1835172,55.9447503,0,27.365,10,0
1519870010493,4.9658575,7.8687167,9.1489105,27.5,73.5,254,68,52,36,18,26,11,3,0,0,0,0,0,0,0,0,468,-3.1834973,55.9447449,0,21.245,10,0
1519870018272,4.3561726,6.561205,8.223368,27.5,73.5,255,66,26,30,17,12,13,2,1,0,0,0,0,0,0,0,422,-3.183514,55.9447154,144.800003051758,19.171,10,0
1519870027345,4.655042,7.1295114,8.158517,27.5,73.5,293,53,46,29,17,25,11,2,0,0,0,0,0,0,0,0,476,-3.1834882,55.9447485,0,19.005,10,0
1519870035779,4.5228314,6.5143437,7.1744027,27.5,73.5,260,65,41,26,16,12,8,1,0,0,0,0,0,0,0,0,429,-3.183508,55.9447445,0,19.18,10,0
1519870044218,4.737364,7.0226865,10.533298,27.5,73.5,267,67,40,39,23,9,10,1,0,0,1,0,0,0,0,0,457,-3.1835031,55.9447567,0,25.964,10,0
1519870053300,4.7085233,7.2177396,8.643725,27.5,73.5,268,77,47,33,18,13,18,0,1,0,0,0,0,0,0,0,475,-3.183526,55.9447378,0,19.374,10,0
1519870063673,4.885857,7.383935,8.651668,27.5,73.5,265,82,45,29,18,21,9,4,0,0,0,0,0,0,0,0,473,-3.1835112,55.9447382,0,19.262,10,0
1519870070163,5.332782,8.249425,12.416308,27.7,74.1,224,113,54,22,35,23,9,1,1,0,1,0,0,0,0,0,483,-3.1835143,55.9447528,0,26.883,10,0
1519870079245,5.579833,8.539783,10.285162,27.7,74.1,316,72,49,41,20,22,13,2,1,0,0,0,0,0,0,0,536,-3.1835091,55.9447442,0,19.215,10,0
1519870087686,5.1278486,8.110867,11.137479,27.7,74.1,245,89,52,44,16,15,16,4,0,1,0,0,0,0,0,0,482,-3.1834963,55.9447466,0,25.968,10,0
1519870096123,5.255148,8.000813,10.3140745,27.7,74.1,262,100,45,40,11,21,8,7,1,0,0,0,0,0,0,0,495,-3.1834809,55.9447312,144.800003051758,20.364,10,0
1519870105236,5.193731,8.055007,9.466282,27.7,74.1,253,94,54,36,21,20,15,0,1,0,0,0,0,0,0,0,494,-3.1835053,55.9447425,0,14.899,10,0
1519870113663,5.7993355,8.974995,10.630971,27.7,74.1,308,101,64,37,24,22,15,5,0,0,0,0,0,0,0,0,576,-3.1835081,55.9447416,0,13.094,10,0
1519870122062,5.7558455,9.106631,12.110406,27.7,74.1,310,93,56,34,21,22,19,5,2,0,0,0,0,0,0,0,562,-3.1835054,55.9447448,0,11.524,10,0
1519870131147,5.5310125,8.149719,9.875992,27.7,74.1,304,101,44,29,22,18,11,3,1,0,0,0,0,0,0,0,533,-3.183501,55.9447416,144.800003051758,11.813,10,0
1519870140234,5.764796,8.834749,10.578577,27.7,74.1,294,101,56,33,20,18,16,5,0,0,0,0,0,0,0,0,543,-3.1835012,55.9447426,0,11.353,10,0
1519870148662,6.046194,9.566496,11.620154,28,73.8,281,100,54,44,22,23,18,2,1,0,0,0,0,0,0,0,545,-3.1835073,55.9447399,144.800003051758,11.274,10,0
1519870157095,6.250053,9.595296,10.929107,28,73.8,304,107,69,36,16,26,17,2,0,0,0,0,0,0,0,0,577,-3.1835066,55.9447401,0,11.005,10,0
1519870166177,6.319618,10.068919,11.673019,28,73.8,305,114,63,43,30,31,18,3,0,0,0,0,0,0,0,0,607,-3.1835066,55.9447427,0,11.303,10,0
1519870174666,6.5311985,10.090524,11.376012,28,73.8,291,102,69,42,24,23,14,2,0,0,0,0,0,0,0,0,567,-3.1835127,55.9447399,0,10.932,10,0
1519870183692,7.194157,11.021454,13.347244,28,73.8,357,122,55,44,25,24,17,7,0,0,0,0,0,0,0,0,651,-3.1835074,55.9447419,0,10.758,10,0
1519870191479,6.5469413,10.743511,13.890546,28,73.8,298,130,49,55,20,19,32,5,1,0,0,0,0,0,0,0,609,-3.1835057,55.9447433,0,10.591,10,0
1519870199930,7.146759,10.866379,14.097355,28,73.8,342,100,72,41,15,28,13,4,0,1,0,0,0,0,0,0,616,-3.1835075,55.9447416,0,10.555,10,0
1519870208352,7.377192,11.595157,14.021022,28,73.8,329,124,77,38,19,32,18,7,0,0,0,0,0,0,0,0,644,-3.1835092,55.9447417,0,10.533,10,0
1519870216132,7.6528096,11.703967,18.577951,28,73.8,359,113,63,44,20,21,19,4,0,3,0,0,0,0,0,0,646,-3.1834975,55.9447328,144.800003051758,19.355,10,0
1519870225217,7.8122563,12.430565,16.03603,28.2,73.6,377,115,68,49,28,27,21,9,1,0,0,0,0,0,0,0,695,-3.1834926,55.9447458,0,19.105,10,0
1519870232350,7.547402,11.495237,15.478847,28.2,73.6,316,130,58,42,21,23,13,7,0,1,0,0,0,0,0,0,611,-3.1835319,55.9447401,0,19.415,10,0
1519870240784,7.462187,11.779702,17.257118,28.2,73.6,330,109,68,49,24,16,24,4,0,2,0,0,0,0,0,0,626,-3.1835127,55.9447503,0,26.419,10,0
1519870249217,7.853378,12.477921,15.891024,28.2,73.6,375,129,65,54,38,28,18,9,1,0,0,0,0,0,0,0,717,-3.1835006,55.9447498,0,26.327,10,0
1519870257655,8.407087,13.251095,15.473594,28.2,73.6,350,129,80,47,29,29,22,4,0,0,0,0,0,0,0,0,690,-3.1835033,55.9447437,0,19.276,10,0
1519870264785,8.219444,12.744955,15.401409,28.2,73.6,371,115,80,39,23,33,18,4,1,0,0,0,0,0,0,0,684,-3.1835008,55.9447446,0,19.212,10,0
1519870273869,8.143832,13.107296,16.38386,28.2,73.6,391,130,86,53,32,40,20,8,1,0,0,0,0,0,0,0,761,-3.1834914,55.9447478,0,21.208,10,0
1519870282955,8.482426,14.027067,17.156805,28.2,73.6,401,107,101,72,32,44,22,6,1,0,0,0,0,0,0,0,786,-3.1835096,55.9447439,0,19.191,10,0
1519870291388,9.509823,15.269685,18.07856,28.4,73.8,400,145,116,62,34,36,27,3,1,0,0,0,0,0,0,0,824,-3.1835269,55.9447538,0,27.358,10,0
1519870299819,9.927007,16.1311,21.382051,28.4,73.8,398,150,122,60,37,47,21,5,2,1,0,0,0,0,0,0,843,-3.1834982,55.9447452,144.800003051758,19.307,10,0
1519870309555,9.666871,15.526964,20.591536,28.4,73.8,427,141,100,63,38,38,23,7,1,1,0,0,0,0,0,0,839,-3.1835476,55.9447013,144.800003051758,18.849,9,0
1519870317985,9.737128,16.731842,26.33632,28.4,73.8,401,119,106,59,42,46,24,11,6,1,0,0,0,0,0,0,815,-3.1835196,55.9447259,144.800003051758,18.961,9,0
1519870325768,7.8666754,13.236008,29.30816,28.4,73.8,295,117,98,56,21,33,25,4,3,1,0,0,1,0,0,0,654,-3.1835184,55.9447282,0,19.071,9,0
1519870334851,9.722291,16.28454,23.8881,28.4,73.8,405,143,100,58,35,39,30,11,3,1,0,0,0,0,0,0,825,-3.1835149,55.9447402,0,15.015,9,1
1519870342635,9.7823,16.936714,32.339466,28.4,73.8,329,120,105,72,25,30,21,17,4,2,1,0,0,0,0,0,726,-3.1835256,55.9447399,0,13.055,10,0
1519870351718,10.058253,16.929,22.280231,28.4,73.8,390,143,109,56,30,40,35,9,2,0,0,0,0,0,0,0,814,-3.1835102,55.9447443,0,11.514,10,0
1519870359512,10.209867,16.810898,20.74937,28.4,73.8,389,121,102,59,23,45,23,10,0,0,0,0,0,0,0,0,772,-3.1835127,55.9447372,0,10.802,9,2
1519870368595,10.452123,18.159962,27.469315,28.5,69.200005,414,140,112,71,40,38,38,13,4,1,0,0,0,0,0,0,871,-3.1835232,55.9447277,0,10.588,10,0
1519870377673,10.912486,19.018467,28.830214,28.5,69.200005,424,139,115,93,35,44,35,12,5,1,0,0,0,0,0,0,903,-3.183525,55.9447342,0,11.093,10,0
1519870386104,10.350965,17.318798,25.022264,28.5,69.200005,385,156,118,91,29,31,36,6,2,0,1,0,0,0,0,0,855,-3.1835136,55.944739,0,10.851,10,0
1519870394541,9.816429,16.594286,27.226963,28.5,69.200005,395,149,107,75,24,33,34,14,2,1,1,0,0,0,0,0,835,-3.1835156,55.9447389,0,10.745,10,0
1519870402971,10.299023,17.189957,25.668476,28.5,69.200005,391,128,123,60,38,33,28,10,2,0,1,0,0,0,0,0,814,-3.1835004,55.9447469,0,19.06,10,0
1519870411413,9.912413,16.90128,22.307669,28.5,69.200005,377,145,111,72,33,46,32,7,3,0,0,0,0,0,0,0,826,-3.1835047,55.9447426,0,19.255,10,0
1519870419842,10.17098,17.437176,25.007189,28.5,69.200005,397,138,112,80,31,44,33,9,3,1,0,0,0,0,0,0,848,-3.1835096,55.9447391,0,26.229,10,0
1519870428278,9.6352005,16.50591,26.241985,28.5,69.200005,340,151,106,82,35,32,28,10,4,2,0,0,0,0,0,0,790,-3.1835007,55.944728,144.800003051758,19.237,10,0
1519870438009,10.048856,17.142708,22.916784,28.5,70.3,393,114,121,78,35,35,27,13,2,0,0,0,0,0,0,0,818,-3.18349,55.9447484,0,19.123,10,0
1519870445141,10.802296,17.692598,23.598602,28.5,70.3,394,146,133,89,28,24,24,12,3,0,0,0,0,0,0,0,853,-3.1835081,55.9447447,0,26.138,10,0
1519870454227,10.531661,17.507236,28.042082,28.5,70.3,434,142,115,83,34,40,24,9,6,2,0,0,0,0,0,0,889,-3.183511,55.9447366,0,19.172,10,0
1519870463306,10.618412,17.10522,22.982317,28.5,70.3,417,154,128,77,38,32,22,8,2,1,0,0,0,0,0,0,879,-3.1835208,55.9447194,144.800003051758,20.351,10,0
1519870472407,10.818105,17.504482,21.047247,28.5,70.3,424,140,128,85,21,34,27,9,0,0,0,0,0,0,0,0,868,-3.1835025,55.9447432,0,26.109,10,0
1519870481471,10.363061,17.125061,23.21392,28.5,70.3,421,141,139,74,28,33,31,11,1,1,0,0,0,0,0,0,880,-3.1835057,55.944745,0,19.262,10,0
1519870490563,10.802158,17.804758,25.640224,28.5,70.3,421,155,127,88,32,46,22,9,2,2,0,0,0,0,0,0,904,-3.1834904,55.9447469,0,19.021,10,0
1519870499004,10.485984,17.157228,21.430952,28.5,70.3,381,156,104,88,32,37,24,6,2,0,0,0,0,0,0,0,830,-3.1835287,55.9447306,0,19.471,10,0
1519870508069,9.939939,15.757788,21.915266,28.5,70.3,409,141,100,67,34,24,24,5,3,1,0,0,0,0,0,0,808,-3.1835232,55.9447374,0,19.375,10,0
1519870516508,10.387194,17.187895,23.045313,28.6,71.700005,393,134,110,77,33,38,25,8,1,1,0,0,0,0,0,0,820,-3.183525,55.9447361,0,19.507,10,0
1519870525587,11.404141,19.05117,23.535614,28.6,71.700005,394,179,122,61,35,50,32,11,0,0,0,0,0,0,0,0,884,-3.1835122,55.9447405,0,14.813,10,0
1519870534027,11.613691,18.911163,23.302193,28.6,71.700005,427,164,131,85,46,32,25,10,1,0,0,0,0,0,0,0,921,-3.1835178,55.9447394,0,13.061,10,0
1519870543110,10.741478,17.588955,20.629438,28.6,71.700005,399,134,123,82,41,39,24,3,1,0,0,0,0,0,0,0,846,-3.1835075,55.9447429,0,11.495,10,0
1519870550241,11.190876,18.375086,24.205774,28.6,71.700005,353,125,107,73,31,33,19,9,0,1,0,0,0,0,0,0,751,-3.1835117,55.9447419,0,11.177,10,0
1519870558027,9.938059,17.264738,22.482386,28.6,71.700005,350,108,103,80,37,34,31,7,2,0,0,0,0,0,0,0,752,-3.1835106,55.9447439,0,11.425,10,0
1519870565809,10.905298,18.102894,27.26333,28.6,71.700005,360,146,105,69,32,34,28,6,3,0,1,0,0,0,0,0,784,-3.183514,55.9447358,144.800003051758,11.099,10,0
1519870573594,11.744173,19.605562,26.478989,28.6,71.700005,390,143,131,68,35,32,31,8,4,0,0,0,0,0,0,0,842,-3.1835093,55.9447415,0,11.62,10,0
1519870582028,11.188993,18.323742,24.959005,28.800001,71.6,406,123,108,67,37,36,24,6,2,1,0,0,0,0,0,0,810,-3.1835086,55.944741,0,11.21,10,0
1519870588518,11.712756,19.283314,24.55591,28.800001,71.6,377,147,125,79,23,35,27,8,2,0,0,0,0,0,0,0,823,-3.183504,55.9447424,0,11.287,10,0
1519870596948,10.944299,18.081211,25.458609,28.800001,71.6,388,137,121,79,30,33,25,8,3,1,0,0,0,0,0,0,825,-3.1835031,55.9447443,0,12.61,10,0
1519870605383,11.820934,19.963722,28.909044,28.800001,71.6,383,142,142,80,31,43,28,9,2,0,1,0,0,0,0,0,861,-3.1835015,55.9447449,0,13.015,10,0
1519870612519,11.65537,19.099747,30.691711,28.800001,71.6,402,139,103,83,30,32,21,12,2,1,1,0,0,0,0,0,826,-3.1835004,55.9447448,0,11.527,10,0
1519870620304,11.812056,18.872639,25.290115,28.800001,71.6,406,124,123,68,20,26,23,7,4,0,0,0,0,0,0,0,801,-3.1835006,55.9447441,0,11.184,10,0
1519870630052,10.934852,17.999504,22.736444,28.800001,71.6,400,134,103,69,35,40,26,6,2,0,0,0,0,0,0,0,815,-3.1835015,55.9447443,0,10.812,10,0
1519870636538,10.708479,17.838774,24.346313,28.800001,71.6,363,117,116,71,32,38,22,6,2,1,0,0,0,0,0,0,768,-3.1835035,55.9447444,0,10.693,10,0
1519870644308,10.994966,17.998653,22.719105,28.800001,71.6,372,146,106,74,33,30,24,10,1,0,0,0,0,0,0,0,796,-3.1835024,55.9447434,0,10.526,10,0
1519870652097,11.929165,19.063992,27.28623,28.9,72.200005,401,151,113,59,33,33,22,8,1,2,0,0,0,0,0,0,823,-3.1835086,55.944742,0,10.465,10,0
1519870659880,11.4076185,18.1358,25.4233,28.9,72.200005,400,138,121,80,30,32,19,3,2,2,0,0,0,0,0,0,827,-3.1835073,55.9447428,0,10.437,10,0
1519870668312,12.188026,19.998096,25.542759,28.9,72.200005,410,164,118,82,39,32,32,5,3,0,0,0,0,0,0,0,885,-3.1835135,55.9447406,0,10.499,10,0
1519870676101,11.579955,19.441414,22.59738,28.9,72.200005,351,135,116,80,35,42,27,4,0,0,0,0,0,0,0,0,790,-3.1835128,55.9447417,0,11.301,10,0
1519870683881,12.099117,20.121359,24.693922,28.9,72.200005,406,140,141,87,33,44,24,9,1,0,0,0,0,0,0,0,885,-3.1835059,55.9447426,0,10.834,10,0
1519870692313,11.787166,19.543066,23.934906,28.9,72.200005,359,139,130,74,44,40,17,9,1,0,0,0,0,0,0,0,813,-3.1835128,55.9447379,0,10.738,10,0
1519870699470,10.762021,18.079958,21.671005,28.9,72.200005,375,136,99,89,36,40,27,7,0,0,0,0,0,0,0,0,809,-3.1835148,55.9447344,144.800003051758,10.627,10,0
1519870707884,11.822197,19.490805,27.494608,28.9,72.200005,415,141,123,93,34,45,22,5,2,2,0,0,0,0,0,0,882,-3.1835097,55.9447377,0,10.555,10,0
1519870715677,11.213018,18.449888,30.798943,29.1,72.200005,400,144,120,85,31,38,21,7,3,4,0,0,0,0,0,0,853,-3.1835119,55.944739,0,10.541,10,0
1519870724104,11.7674885,19.434744,28.837091,29.1,72.200005,406,139,117,94,42,32,21,8,3,2,0,0,0,0,0,0,864,-3.1835115,55.9447435,0,11.3,10,0
1519870732540,11.476286,19.281054,25.612505,29.1,72.200005,429,161,121,86,45,46,29,8,4,0,0,0,0,0,0,0,929,-3.1835103,55.9447458,0,12.031,10,0
1519870740323,11.95237,19.083511,22.93647,29.1,72.200005,444,141,116,95,26,39,20,7,1,0,0,0,0,0,0,0,889,-3.1835161,55.9447389,0,11.167,10,0
1519870748139,12.541972,20.00831,24.212938,29.1,72.200005,407,153,123,73,48,28,22,4,2,0,0,0,0,0,0,0,860,-3.1835123,55.9447392,0,10.908,10,0
1519870756541,11.748059,19.21615,22.44379,29.1,72.200005,384,147,121,97,30,34,25,6,0,0,0,0,0,0,0,0,844,-3.1835074,55.9447415,0,10.674,10,1
1519870763681,11.774469,19.581327,37.79358,29.1,72.200005,398,126,120,78,36,33,21,13,2,0,1,1,0,0,0,0,829,-3.1835095,55.9447406,0,10.631,10,1
1519870772122,10.956567,17.825193,23.456963,29.1,72.200005,388,126,117,82,29,36,19,7,1,1,0,0,0,0,0,0,806,-3.1835109,55.9447399,0,10.573,10,0
1519870779915,11.249354,18.236147,22.503252,29.1,72.200005,412,134,119,75,29,24,28,11,0,0,0,0,0,0,0,0,832,-3.1834996,55.944744,0,10.461,10,1
1519870788331,11.316018,18.228598,22.86124,29.2,72.6,429,145,110,68,39,45,18,8,2,0,0,0,0,0,0,0,864,-3.1835082,55.9447372,0,10.43,10,0
1519870796118,12.007532,19.325436,23.169615,29.2,72.6,408,145,137,78,21,32,29,5,1,0,0,0,0,0,0,0,856,-3.1835052,55.9447419,0,11.273,10,0
1519870804571,11.579055,18.521896,24.030434,29.2,72.6,412,149,122,90,26,37,22,3,2,1,0,0,0,0,0,0,864,-3.1835051,55.9447431,0,10.998,10,0
1519870813637,11.889881,19.427986,25.79717,29.2,72.6,440,161,132,94,33,40,27,7,2,1,0,0,0,0,0,0,937,-3.1835046,55.9447448,0,11.305,10,0
1519870822066,11.414989,18.564083,24.957577,29.2,72.6,401,137,131,88,30,35,19,8,2,1,0,0,0,0,0,0,852,-3.1835049,55.9447441,0,10.835,10,0
1519870829852,10.311724,16.77144,21.618282,29.2,72.6,368,121,122,84,33,27,20,3,4,0,0,0,0,0,0,0,782,-3.1835056,55.944743,0,10.695,10,0
1519870838287,11.300974,18.909325,25.55811,29.2,72.6,408,151,126,87,37,30,32,9,4,0,0,0,0,0,0,0,884,-3.1835028,55.9447485,0,10.845,10,0
1519870846724,10.90165,17.638935,21.604353,29.2,72.6,425,147,113,97,29,32,25,8,1,0,0,0,0,0,0,0,877,-3.1835021,55.9447479,0,10.688,10,0
1519870856450,11.165549,17.998564,23.980003,29.4,72.5,400,153,120,90,40,30,19,7,2,1,0,0,0,0,0,0,862,-3.1835007,55.9447469,0,10.561,10,0
1519870864241,10.959228,18.238838,27.115767,29.4,72.5,390,145,126,77,33,45,25,5,4,0,1,0,0,0,0,0,851,-3.1834989,55.9447464,0,10.499,10,0
1519870872022,11.078367,17.987217,26.768654,29.4,72.5,404,156,112,60,25,36,26,8,5,1,0,0,0,0,0,0,833,-3.1835056,55.9447443,0,10.496,10,0
1519870880462,11.313172,18.1171,22.489367,29.4,72.5,434,137,121,75,34,30,22,10,1,0,0,0,0,0,0,0,864,-3.1835059,55.9447461,0,11.319,10,0
1519870889540,11.409353,17.985016,22.048527,29.4,72.5,442,156,123,87,37,40,17,5,0,1,0,0,0,0,0,0,908,-3.1835073,55.9447369,144.800003051758,10.82,10,0
1519870897974,11.370579,18.175146,22.543156,29.4,72.5,407,159,140,73,41,37,18,5,3,0,0,0,0,0,0,0,883,-3.1835023,55.9447414,0,11.176,10,0
1519870906407,10.878321,17.78835,22.72819,29.4,72.5,410,135,118,97,34,37,19,7,3,0,0,0,0,0,0,0,860,-3.1835064,55.9447396,0,10.957,10,0
1519870914841,11.937573,19.425196,26.205389,29.4,72.5,439,165,134,90,27,44,23,10,2,1,0,0,0,0,0,0,935,-3.1835061,55.9447419,0,11.588,10,1
1519870923926,11.332249,18.12324,21.12277,29.4,72.5,410,164,111,78,37,36,24,6,0,0,0,0,0,0,0,0,866,-3.1835077,55.9447424,0,11.209,10,0
1519870931710,11.503451,19.18412,25.303278,29.5,72.6,432,130,123,86,26,43,36,2,2,1,0,0,0,0,0,0,881,-3.1835116,55.9447419,0,11.468,10,0
1519870940139,11.20827,17.483898,19.734777,29.5,72.6,405,171,113,91,32,29,20,4,0,0,0,0,0,0,0,0,865,-3.1835076,55.9447429,0,11.138,10,0
1519870949877,11.493138,19.487701,26.64411,29.5,72.6,397,154,131,92,34,50,29,6,3,1,0,0,0,0,0,0,897,-3.1835088,55.944737,144.800003051758,10.747,10,0
1519870957657,11.287284,18.459806,22.94002,29.5,72.6,413,130,130,80,37,38,18,11,1,0,0,0,0,0,0,0,858,-3.1835054,55.9447403,144.800003051758,11.458,10,0
1519870966095,10.643226,17.139389,21.655289,29.5,72.6,415,125,110,72,31,31,23,7,2,0,0,0,0,0,0,0,816,-3.1835039,55.9447387,0,10.897,10,0
1519870974554,11.326165,18.400312,23.542994,29.5,72.6,398,141,119,69,41,34,22,6,3,0,0,0,0,0,0,0,833,-3.1835043,55.9447399,0,10.767,10,0
1519870982345,11.041839,17.653803,20.08986,29.5,72.6,374,133,120,79,33,37,15,5,0,0,0,0,0,0,0,0,796,-3.1835051,55.944742,0,10.607,10,0
1519870990745,11.33399,17.48249,19.624943,29.5,72.6,399,146,129,90,19,23,18,4,0,0,0,0,0,0,0,0,828,-3.1835078,55.9447406,0,10.572,10,0
1519870999180,11.990117,19.167847,24.32535,29.5,72.6,383,165,126,71,38,36,21,4,1,1,0,0,0,0,0,0,846,-3.1835044,55.9447428,0,10.493,10,0
1519871007612,11.817359,18.90337,24.526983,29.7,73,447,132,136,76,31,36,25,3,2,1,0,0,0,0,0,0,889,-3.1835013,55.9447439,0,10.454,10,0
1519871016043,11.303962,18.239307,25.35761,29.7,73,376,159,112,81,26,47,11,9,3,1,0,0,0,0,0,0,825,-3.1834987,55.9447449,0,10.432,10,0
1519871024480,10.623882,17.878155,27.932184,29.7,73,394,138,117,74,46,46,22,4,6,2,0,0,0,0,0,0,849,-3.1835025,55.9447446,0,10.951,10,0
1519871032268,11.170189,18.344816,26.582733,29.7,73,399,119,120,82,33,41,20,4,3,0,1,0,0,0,0,0,822,-3.1834975,55.9447461,0,10.766,10,0
1519871040699,10.657363,17.458792,23.58236,29.7,73,381,128,118,81,38,27,23,6,2,1,0,0,0,0,0,0,805,-3.1834971,55.9447438,0,10.578,10,0
1519871048482,10.06962,16.814848,23.881472,29.7,73,378,109,91,76,37,23,24,12,1,1,0,0,0,0,0,0,752,-3.1835,55.9447437,0,10.543,10,0
1519871057569,11.324402,18.01317,23.040705,29.7,73,399,142,111,69,23,32,23,5,3,0,0,0,0,0,0,0,807,-3.1835007,55.9447422,0,10.481,10,0
1519871064712,11.068519,18.027292,24.745962,29.7,73,402,132,111,75,36,32,25,4,3,1,0,0,0,0,0,0,821,-3.1834998,55.944738,144.800003051758,10.657,10,0
1519871073132,10.60742,16.966639,21.454449,29.800001,72.9,384,120,117,74,26,28,17,8,2,0,0,0,0,0,0,0,776,-3.1835005,55.9447354,144.800003051758,11.104,10,0
1519871081589,10.87985,17.480303,22.456478,29.800001,72.9,415,133,127,89,20,44,14,10,0,1,0,0,0,0,0,0,853,-3.1835025,55.9447374,0,10.903,10,0
1519871090003,11.220193,17.698927,21.624537,29.800001,72.9,411,145,125,73,32,35,16,6,2,0,0,0,0,0,0,0,845,-3.1835065,55.9447345,144.800003051758,10.66,10,0
1519871098434,11.112533,18.148584,25.660357,29.800001,72.9,393,151,131,77,31,41,20,10,1,0,1,0,0,0,0,0,856,-3.1835046,55.9447369,0,10.59,10,0
1519871106217,10.294333,17.680695,36.486984,29.800001,72.9,359,124,105,68,32,37,35,4,3,1,1,1,0,0,0,0,770,-3.1835055,55.9447402,0,11.336,10,0
1519871114668,11.018004,17.721508,26.169975,29.800001,72.9,397,149,106,75,35,38,17,6,3,2,0,0,0,0,0,0,828,-3.1835102,55.9447399,0,11.068,10,0
1519871122435,11.128101,17.586006,21.20875,29.800001,72.9,402,127,122,78,29,33,16,4,2,0,0,0,0,0,0,0,813,-3.1835111,55.9447346,144.800003051758,10.747,10,0
1519871130904,10.843755,17.281797,19.989182,29.800001,72.9,374,133,99,82,35,33,18,2,1,0,0,0,0,0,0,0,777,-3.1835099,55.9447252,144.800003051758,10.619,10,0
1519871138656,10.973994,17.550068,24.444237,29.800001,72.9,357,136,114,84,21,31,18,4,1,2,0,0,0,0,0,0,768,-3.1835043,55.9447309,144.800003051758,10.485,10,0
1519871146442,10.341826,16.47598,19.95744,30,73,386,127,87,75,32,26,22,5,1,0,0,0,0,0,0,0,761,-3.1835106,55.9447334,0,10.49,10,0
1519871154227,11.579798,18.09803,20.940012,30,73,423,141,122,70,34,33,16,7,0,0,0,0,0,0,0,0,846,-3.1835093,55.9447366,0,10.494,10,0
1519871162665,10.784804,17.533968,21.567944,30,73,378,118,125,60,41,29,23,4,2,0,0,0,0,0,0,0,780,-3.1835118,55.9447374,0,10.51,10,0
1519871170453,11.021471,18.084185,21.24869,30,73,376,136,107,62,33,42,26,5,0,0,0,0,0,0,0,0,787,-3.1835145,55.9447324,144.800003051758,10.469,10,0
1519871178877,10.782006,17.323215,20.699749,30,73,396,112,128,65,37,33,14,10,0,0,0,0,0,0,0,0,795,-3.1835079,55.9447366,0,10.419,10,0
1519871186664,10.520277,17.489449,19.855515,30,73,349,115,113,70,42,37,24,2,0,0,0,0,0,0,0,0,752,-3.1835007,55.944741,144.800003051758,10.599,10,0
1519871194453,10.2513075,17.06726,19.942736,30,73,309,115,109,65,37,40,15,6,0,0,0,0,0,0,0,0,696,-3.1835035,55.9447411,0,10.763,10,0
1519871202244,10.133729,16.295374,22.44568,30,73,363,109,106,74,27,27,15,7,2,1,0,0,0,0,0,0,731,-3.1835038,55.9447426,0,10.657,10,0
1519871211322,9.9351425,16.036,26.088726,30.1,72.8,371,133,107,66,31,22,23,7,3,1,1,0,0,0,0,0,765,-3.1835035,55.9447477,0,12.065,10,0
1519871218454,11.461892,19.034624,25.725409,30.1,72.8,392,144,124,71,23,40,30,9,1,1,0,0,0,0,0,0,835,-3.1834975,55.9447485,0,11.467,10,1
1519871226885,11.370978,18.041265,25.613531,30.1,72.8,389,134,122,72,28,31,18,5,2,0,1,0,0,0,0,0,802,-3.1835129,55.9447307,0,10.871,9,0
1519871235318,10.704164,16.887241,18.926533,30.1,72.8,395,136,107,78,32,30,22,2,0,0,0,0,0,0,0,0,802,-3.183512,55.9447281,0,10.544,9,0
1519871243105,10.001947,16.883055,24.655415,30.1,72.8,369,112,115,72,42,37,24,5,2,2,0,0,0,0,0,0,780,-3.1835123,55.9447314,0,10.539,10,3
1519871251536,10.006086,16.79107,21.734758,30.1,72.8,361,118,96,92,38,31,20,9,2,0,0,0,0,0,0,0,767,-3.1835104,55.944736,0,10.503,10,7
1519871259354,10.417559,17.504938,26.31009,30.1,72.8,380,141,106,81,36,43,22,6,6,1,0,0,0,0,0,0,822,-3.183503,55.9447387,0,10.448,9,0
1519871267757,10.757187,17.716135,23.06866,30.1,72.8,381,139,108,72,32,33,24,10,2,0,0,0,0,0,0,0,801,-3.183542,55.9447039,0,18.958,10,0
1519871276195,10.59721,17.067757,23.587856,30.1,72.8,393,142,120,83,33,35,16,9,0,2,0,0,0,0,0,0,833,-3.1835049,55.9447423,0,19.23,10,0
1519871283977,10.576638,18.025093,24.96143,30.2,72.200005,373,130,120,65,34,54,18,12,4,0,0,0,0,0,0,0,810,-3.1835122,55.9447437,0,19.194,10,0
1519871292411,9.386556,15.742862,21.44436,30.2,72.200005,351,137,104,61,35,39,26,8,1,1,0,0,0,0,0,0,763,-3.1835157,55.9447389,0,19.421,10,0
1519871301491,9.258043,14.866049,20.16635,30.2,72.200005,349,136,98,66,27,28,22,4,2,1,0,0,0,0,0,0,733,-3.1835131,55.9447425,0,19.391,10,0
1519871309276,9.013955,14.883794,19.342833,30.2,72.200005,305,120,98,80,32,24,18,5,3,0,0,0,0,0,0,0,685,-3.1835106,55.9447331,144.800003051758,19.438,10,0
1519871317713,10.166484,15.667914,19.485636,30.2,72.200005,358,146,108,78,29,21,16,1,1,1,0,0,0,0,0,0,759,-3.1834996,55.9447465,0,19.154,10,0
1519871326150,9.811991,16.207815,21.429222,30.2,72.200005,331,146,103,75,31,32,22,9,0,1,0,0,0,0,0,0,750,-3.1835174,55.9447405,0,19.268,10,0
1519871334594,10.219829,17.171463,23.557173,30.2,72.200005,326,117,117,60,28,37,21,9,1,1,0,0,0,0,0,0,717,-3.1835158,55.9447508,0,26.376,10,1
1519871343690,9.354509,15.962009,20.718803,30.2,72.200005,297,135,105,55,27,36,30,6,2,0,0,0,0,0,0,0,693,-3.1835048,55.9447362,0,19.255,10,0
1519871351448,10.307287,16.921167,25.343388,30.300001,71.8,361,128,113,67,35,40,19,3,4,0,1,0,0,0,0,0,771,-3.1834942,55.9447404,0,19.143,10,0
1519871359232,10.587076,16.376211,18.058437,30.300001,71.8,372,127,108,50,41,23,19,1,0,0,0,0,0,0,0,0,741,-3.1834992,55.9447463,0,19.178,10,0
1519871367706,9.936225,15.6238785,17.59747,30.300001,71.8,340,123,106,59,26,31,16,3,0,0,0,0,0,0,0,0,704,-3.1835206,55.9447413,0,19.314,10,0
1519871375454,9.364322,14.763664,17.509197,30.300001,71.8,326,123,89,61,35,24,11,8,0,0,0,0,0,0,0,0,677,-3.1835021,55.9447473,0,19.1,10,0
1519871384539,10.613773,16.61142,19.21659,30.300001,71.8,365,150,108,72,30,34,15,3,1,0,0,0,0,0,0,0,778,-3.1835102,55.9447423,0,19.206,10,0
1519871394263,9.782641,15.715663,18.520271,30.300001,71.8,344,126,115,70,22,31,18,7,0,0,0,0,0,0,0,0,733,-3.1835167,55.9447404,0,14.808,10,0
1519871402055,9.736603,15.353374,19.297655,30.300001,71.8,386,119,110,63,27,29,20,4,0,1,0,0,0,0,0,0,759,-3.1835124,55.9447443,0,14.487,10,0
1519871410495,9.342118,14.592739,19.272188,30.300001,71.8,352,127,93,65,24,24,16,5,1,1,0,0,0,0,0,0,708,-3.1835093,55.9447436,0,12.878,10,0
1519871418915,9.3992195,15.04308,18.939627,30.300001,71.8,368,108,109,57,30,29,22,3,0,1,0,0,0,0,0,0,727,-3.1835161,55.9447397,0,11.42,10,0
1519871427352,9.853956,15.971036,22.154966,30.300001,72.1,328,122,112,63,28,32,16,4,3,1,0,0,0,0,0,0,709,-3.1835206,55.9447317,144.800003051758,10.838,10,0
1519871435785,9.756326,15.389315,19.660915,30.300001,72.1,397,130,96,52,30,35,21,5,0,1,0,0,0,0,0,0,767,-3.1835179,55.9447355,0,10.692,10,0
1519871444222,8.7920065,13.625271,15.537225,30.300001,72.1,355,110,91,64,13,25,19,3,0,0,0,0,0,0,0,0,680,-3.1835102,55.944738,0,10.551,10,0
1519871452667,9.262548,14.680191,17.956955,30.300001,72.1,354,132,95,67,16,30,20,6,1,0,0,0,0,0,0,0,721,-3.1835098,55.944738,0,10.505,10,0
1519871461087,9.06875,14.932013,19.043814,30.300001,72.1,330,123,102,58,24,30,26,5,2,0,0,0,0,0,0,0,700,-3.183515,55.9447388,0,11.037,10,0
1519871470172,9.766698,15.421424,19.164051,30.300001,72.1,339,131,97,70,26,24,16,5,2,0,0,0,0,0,0,0,710,-3.183517,55.9447334,144.800003051758,10.725,10,0
1519871478612,10.117528,16.803158,19.77275,30.300001,72.1,357,137,94,78,34,48,20,6,0,0,0,0,0,0,0,0,774,-3.1835125,55.9447341,144.800003051758,10.645,10,0
1519871485741,9.623865,15.237936,19.143631,30.300001,72.1,345,109,100,63,23,28,13,6,2,0,0,0,0,0,0,0,689,-3.1835137,55.944737,0,11.106,10,0
1519871494173,10.009844,16.012625,21.479492,30.5,72.200005,362,127,103,58,28,32,21,3,2,1,0,0,0,0,0,0,737,-3.183511,55.944739,144.800003051758,10.901,10,0
1519871503259,9.656188,15.33024,26.403791,30.5,72.200005,372,133,98,61,28,37,21,2,0,1,0,1,0,0,0,0,754,-3.1835044,55.9447397,0,10.648,10,0
1519871511689,9.879431,16.031021,19.122444,30.5,72.200005,357,145,100,62,39,39,21,4,1,0,0,0,0,0,0,0,768,-3.1835002,55.9447414,0,10.522,10,1
1519871520775,8.99997,15.126908,25.910088,30.5,72.200005,336,126,97,61,25,32,23,10,3,3,0,0,0,0,0,0,716,-3.1835058,55.9447402,0,10.533,10,0
1519871529205,9.626119,14.947913,19.101105,30.5,72.200005,369,132,99,69,21,26,19,2,1,1,0,0,0,0,0,0,739,-3.1835105,55.9447406,0,11.037,10,0
1519871538288,9.682406,15.2137375,18.065851,30.5,72.200005,358,133,105,64,25,34,14,5,1,0,0,0,0,0,0,0,739,-3.1835026,55.9447419,144.800003051758,11.506,10,0
1519871546725,9.92747,16.139315,19.981506,30.5,72.200005,363,125,111,82,23,36,19,5,2,0,0,0,0,0,0,0,766,-3.1835035,55.9447416,0,11.13,10,0
1519871555804,9.495076,15.55971,20.808455,30.5,72.200005,366,117,112,64,28,31,23,5,4,0,0,0,0,0,0,0,750,-3.1835276,55.9447207,144.800003051758,18.89,10,0
1519871564886,9.09725,14.579768,18.543537,30.5,72.200005,351,121,102,77,25,29,18,5,0,1,0,0,0,0,0,0,729,-3.1835031,55.9447435,0,19.269,10,0
1519871573970,9.452162,15.415944,21.836277,30.6,72.5,347,131,102,77,28,33,21,5,1,0,1,0,0,0,0,0,746,-3.1834973,55.9447458,0,19.179,10,0
1519871583052,8.904576,14.083731,16.567364,30.6,72.5,348,118,93,66,24,32,13,7,0,0,0,0,0,0,0,0,701,-3.1835044,55.9447441,0,19.232,10,0
1519871591485,10.375679,16.407047,20.12694,30.6,72.5,386,138,107,58,29,27,22,7,1,0,0,0,0,0,0,0,775,-3.1835065,55.9447417,0,26.241,10,0
1519871601220,9.480244,15.159657,18.459934,30.6,72.5,381,118,106,75,28,30,17,7,1,0,0,0,0,0,0,0,763,-3.1835001,55.9447457,0,19.153,10,1
1519871610319,9.393472,15.274704,18.330757,30.6,72.5,370,121,106,68,26,30,28,3,1,0,0,0,0,0,0,0,753,-3.1834958,55.9447468,0,19.143,10,0
1519871619380,8.946411,14.614783,19.728762,30.6,72.5,367,104,98,56,30,34,21,6,1,1,0,0,0,0,0,0,718,-3.1835104,55.9447416,0,26.258,10,0
1519871628474,10.360772,17.22572,23.723463,30.6,72.5,371,130,122,68,32,30,24,10,4,0,0,0,0,0,0,0,791,-3.1834974,55.9447462,0,19.142,10,0
1519871636253,9.581988,15.63207,20.120687,30.6,72.5,393,136,83,59,34,40,24,7,2,0,0,0,0,0,0,0,778,-3.1835028,55.9447443,0,19.239,10,0
1519871645335,9.152621,14.636154,19.369463,30.7,72.700005,362,118,93,61,29,26,19,8,0,1,0,0,0,0,0,0,717,-3.1835037,55.9447444,0,19.043,10,0
1519871653769,9.515103,15.069976,18.892145,30.7,72.700005,367,126,82,70,20,27,22,4,2,0,0,0,0,0,0,0,720,-3.1835217,55.9447265,0,19.114,10,0
1519871662200,9.631954,15.507458,19.520416,30.7,72.700005,356,114,96,70,31,22,21,5,2,0,0,0,0,0,0,0,717,-3.1835113,55.9447441,0,19.205,10,0
1519871670666,9.346275,15.015102,18.624718,30.7,72.700005,333,123,117,57,38,31,17,3,0,1,0,0,0,0,0,0,720,-3.1835106,55.94474,0,19.369,10,0
1519871679717,9.768353,15.683495,19.194258,30.7,72.700005,349,124,101,60,35,30,16,7,1,0,0,0,0,0,0,0,723,-3.1835009,55.944747,0,14.681,10,0
1519871688796,9.132062,14.587926,21.089617,30.7,72.700005,342,112,90,72,24,24,18,4,1,2,0,0,0,0,0,0,689,-3.183502,55.9447451,0,12.506,10,0
1519871697234,8.869715,14.371408,19.572752,30.7,72.700005,350,128,86,79,23,33,20,4,2,1,0,0,0,0,0,0,726,-3.1834956,55.9447469,144.800003051758,11.735,10,0
1519871706318,9.528231,14.824811,17.819412,30.7,72.700005,356,134,105,50,29,22,19,5,1,0,0,0,0,0,0,0,721,-3.1835014,55.9447421,144.800003051758,10.955,10,0
1519871715400,10.017282,16.233269,21.842987,30.7,72.700005,361,130,119,72,34,32,17,6,2,1,0,0,0,0,0,0,774,-3.1834988,55.944742,0,10.659,10,0
1519871723184,9.444901,14.998951,20.445854,30.800001,72.4,345,118,97,66,25,29,14,5,2,1,0,0,0,0,0,0,702,-3.1834973,55.9447435,0,10.573,10,0
1519871732270,9.149103,14.488916,17.119371,30.800001,72.4,341,112,103,66,28,28,14,4,1,0,0,0,0,0,0,0,697,-3.1835044,55.9447447,0,10.494,10,0
1519871740051,9.10722,14.038192,17.799932,30.800001,72.4,351,105,106,53,28,21,15,1,1,1,0,0,0,0,0,0,682,-3.1834998,55.9447441,0,26.043,10,0
1519871748487,9.880427,15.607377,19.712605,30.800001,72.4,353,123,122,63,33,26,17,2,1,1,0,0,0,0,0,0,741,-3.1835167,55.9447273,0,18.915,10,0
1519871757584,9.064192,14.347847,17.450062,30.800001,72.4,344,114,106,73,22,33,11,4,2,0,0,0,0,0,0,0,709,-3.1835124,55.9447418,0,19.147,10,0
1519871766649,9.284453,14.020814,15.810874,30.800001,72.4,367,147,82,65,30,30,8,5,0,0,0,0,0,0,0,0,734,-3.1834869,55.9447482,0,21.208,10,0
1519871775093,9.105948,14.684462,19.109373,30.800001,72.4,356,134,96,60,34,25,20,9,2,0,0,0,0,0,0,0,736,-3.1835016,55.9447366,0,19.142,10,0
1519871784811,9.422771,14.891947,17.46958,30.800001,72.4,400,123,107,68,21,40,19,3,1,0,0,0,0,0,0,0,782,-3.1835032,55.9447435,0,19.257,10,0
1519871793248,8.878567,14.079812,18.35023,30.800001,72.4,329,116,105,60,27,29,12,3,4,0,0,0,0,0,0,0,685,-3.1834934,55.9447463,0,19.14,10,0
1519871802334,8.915224,14.1579895,20.053486,31,72.6,367,123,96,73,28,29,17,5,1,0,1,0,0,0,0,0,740,-3.1835121,55.9447397,144.800003051758,19.374,10,0
1519871811419,9.168672,15.326427,26.950647,31,72.6,337,110,115,68,26,34,22,7,2,0,0,1,0,0,0,0,722,-3.1834907,55.9447484,0,19.131,10,0
1519871820494,8.353111,13.105638,15.88568,31,72.6,356,118,63,65,24,28,18,4,1,0,0,0,0,0,0,0,677,-3.1834944,55.9447419,0,19.13,10,0
1519871830233,9.514278,15.169977,18.613708,31,72.6,373,111,112,79,27,23,19,4,2,0,0,0,0,0,0,0,750,-3.183507,55.9447414,0,19.305,10,0
1519871838018,9.820795,15.174307,17.320175,31,72.6,404,124,112,62,22,34,15,5,0,0,0,0,0,0,0,0,778,-3.1834981,55.944743,0,25.912,10,0
1519871847094,8.763927,13.841446,17.692085,31,72.6,374,119,80,50,25,26,23,5,2,0,0,0,0,0,0,0,704,-3.1835245,55.944723,144.800003051758,19.11,10,0
1519871856177,8.561577,13.930873,17.719017,31,72.6,355,101,103,55,33,29,19,6,2,0,0,0,0,0,0,0,703,-3.1835241,55.9447141,144.800003051758,19.172,10,0
1519871865263,9.15937,13.994818,15.497664,31,72.6,386,107,110,59,25,23,16,2,0,0,0,0,0,0,0,0,728,-3.1835125,55.9447304,144.800003051758,12.935,10,0
1519871873693,9.788524,14.995673,16.672243,31.1,72.8,352,148,105,71,24,26,14,3,0,0,0,0,0,0,0,0,743,-3.1835042,55.94474,0,11.449,10,0
1519871882782,9.334707,14.721282,24.217964,31.1,72.8,372,119,101,70,30,29,15,2,2,2,1,0,0,0,0,0,743,-3.1835056,55.9447411,0,11.113,10,0
1519871891230,9.090102,14.313774,18.331486,31.1,72.8,346,135,93,56,18,28,18,7,2,0,0,0,0,0,0,0,703,-3.183503,55.9447388,144.800003051758,10.931,10,0
1519871900291,8.80596,13.856614,18.24661,31.1,72.8,331,127,89,63,27,16,17,6,3,0,0,0,0,0,0,0,679,-3.1835082,55.9447395,0,11.527,10,0
1519871908090,9.139011,14.683816,19.021864,31.1,72.8,322,121,89,70,27,22,20,5,0,1,0,0,0,0,0,0,677,-3.1835015,55.9447429,0,11.149,10,0
1519871917170,9.133881,14.858154,19.07205,31.1,72.8,329,122,97,54,34,29,18,7,2,0,0,0,0,0,0,0,692,-3.1835062,55.9447468,0,19.134,10,0
1519871925652,9.886382,15.761725,22.341108,31.1,72.8,355,119,109,73,31,26,18,1,2,2,0,0,0,0,0,0,736,-3.1835014,55.9447445,0,19.226,10,0
1519871934032,9.461179,15.297605,19.539402,31.1,72.8,346,121,91,75,24,30,17,7,2,0,0,0,0,0,0,0,713,-3.1835059,55.9447464,0,19.111,10,0
1519871942460,8.679742,13.289107,15.2139845,31.1,72.8,346,110,84,64,19,27,13,1,1,0,0,0,0,0,0,0,665,-3.1835032,55.9447443,0,20.533,10,0
1519871950893,8.953439,13.87771,15.356043,31.2,72.8,332,110,105,64,22,31,9,3,0,0,0,0,0,0,0,0,676,-3.1835135,55.9447544,0,26.994,10,0
1519871959328,9.1442795,14.8226185,21.46931,31.2,72.8,311,115,96,69,24,26,18,5,1,0,1,0,0,0,0,0,666,-3.1835224,55.9447489,0,26.633,10,0
1519871968410,9.353343,15.409285,19.78623,31.2,72.8,351,102,103,72,25,30,20,7,2,0,0,0,0,0,0,0,712,-3.1835147,55.9447407,0,19.372,10,0
1519871978139,9.890434,16.021677,22.013641,31.2,72.8,353,131,120,83,26,30,19,7,0,0,1,0,0,0,0,0,770,-3.1835188,55.9447406,0,19.238,10,0
1519871985928,9.604601,15.033359,20.09595,31.2,72.8,351,127,97,57,26,30,15,3,2,1,0,0,0,0,0,0,709,-3.1834758,55.9447514,0,18.982,10,0
1519871995009,9.125292,14.757626,17.58896,31.2,72.8,365,104,102,52,22,43,20,3,1,0,0,0,0,0,0,0,712,-3.1835068,55.9447473,0,19.121,10,0
1519872003458,9.399967,14.399424,22.478283,31.2,72.8,361,123,85,65,18,29,9,6,1,1,1,0,0,0,0,0,699,-3.1835136,55.9447394,0,26.454,10,0
1519872011881,8.624276,13.529813,16.528936,31.2,72.8,321,109,94,53,25,21,14,6,1,0,0,0,0,0,0,0,644,-3.183507,55.9447394,0,19.115,10,0
1519872020960,9.238452,14.911939,23.19144,31.300001,72.9,342,118,114,58,25,31,17,7,1,1,1,0,0,0,0,0,715,-3.183516,55.9447418,0,19.206,10,0
1519872030045,8.4353,13.612442,16.347593,31.300001,72.9,307,106,99,71,25,28,13,5,1,0,0,0,0,0,0,0,655,-3.1835076,55.9447421,0,19.3,10,0
1519872039129,8.126364,13.592817,17.401201,31.300001,72.9,298,111,92,65,31,34,17,6,2,0,0,0,0,0,0,0,656,-3.1835101,55.9447304,0,14.714,10,1
1519872047588,8.563702,13.028631,18.83599,31.300001,72.9,348,123,81,53,15,23,14,2,4,1,0,0,0,0,0,0,664,-3.1835192,55.9447272,0,13.186,10,0
1519872057294,8.98009,14.142376,16.289509,31.300001,72.9,335,129,119,61,22,25,18,5,0,0,0,0,0,0,0,0,714,-3.1835257,55.9447278,144.800003051758,11.557,10,0
1519872065722,9.025943,13.772443,15.515055,31.300001,72.9,331,107,90,54,26,24,12,0,1,0,0,0,0,0,0,0,645,-3.1835114,55.9447384,0,11.541,10,0
1519872074161,8.636163,13.945687,18.865063,31.300001,72.9,329,114,101,60,20,27,20,6,1,1,0,0,0,0,0,0,679,-3.183511,55.9447415,0,12.178,10,0
1519872083244,8.861208,13.4477005,18.38161,31.300001,72.9,367,125,105,58,23,19,14,5,0,0,1,0,0,0,0,0,717,-3.1835073,55.9447431,0,11.2,10,0
1519872091722,8.904236,13.883995,15.867587,31.300001,72.9,319,118,100,58,29,25,14,1,1,0,0,0,0,0,0,0,665,-3.1835047,55.9447435,0,10.955,10,0
1519872100114,8.724318,13.811507,16.829876,31.4,73.1,311,104,100,60,32,22,12,3,2,0,0,0,0,0,0,0,646,-3.1835016,55.9447425,0,11.702,10,0
1519872109187,8.087091,12.933854,16.802437,31.4,73.1,294,99,79,53,34,20,15,4,0,1,0,0,0,0,0,0,599,-3.1835141,55.9447396,0,11.023,10,1
1519872117620,8.932034,14.289488,18.54362,31.4,73.1,355,117,87,59,27,29,21,5,0,1,0,0,0,0,0,0,701,-3.1835303,55.9447283,0,10.757,9,0
1519872126054,9.280339,14.548354,18.454035,31.4,73.1,339,131,108,59,21,20,17,7,2,0,0,0,0,0,0,0,704,-3.1835419,55.9447168,0,10.517,9,0
1519872134488,8.162226,12.833251,14.444747,31.4,73.1,284,87,100,53,22,20,12,3,0,0,0,0,0,0,0,0,581,-3.1835314,55.9447229,0,10.429,10,0
1519872142922,8.5308075,13.551493,17.090254,31.4,73.1,335,126,97,57,21,34,19,3,0,1,0,0,0,0,0,0,693,-3.183521,55.9447303,0,10.412,10,1
1519872152030,7.8722267,12.594678,14.717456,31.4,73.1,276,88,115,45,30,18,15,2,1,0,0,0,0,0,0,0,590,-3.1835185,55.9447366,0,19.327,10,1
1519872161092,8.00749,12.523524,14.269411,31.4,73.1,297,107,89,61,21,23,12,4,0,0,0,0,0,0,0,0,614,-3.1834976,55.9447495,0,19.075,10,0
1519872169526,8.148164,12.845433,15.994891,31.4,71.700005,320,104,86,44,23,27,13,7,1,0,0,0,0,0,0,0,625,-3.1835069,55.9447429,0,19.261,10,0
1519872177963,8.426171,13.438618,17.776377,31.4,71.700005,297,103,89,64,23,22,15,3,1,1,0,0,0,0,0,0,618,-3.1835244,55.9447252,0,19.178,10,0
1519872185743,8.306156,12.913001,15.45406,31.4,71.700005,288,102,84,55,18,14,16,3,1,0,0,0,0,0,0,0,581,-3.1835041,55.9447433,0,19.182,10,0
1519872194831,8.277793,13.409282,16.364952,31.4,71.700005,278,94,103,51,20,25,15,5,1,0,0,0,0,0,0,0,592,-3.183501,55.9447456,0,19.24,10,1
1519872203259,8.82072,13.732155,16.58587,31.4,71.700005,322,104,101,64,17,14,16,5,1,0,0,0,0,0,0,0,644,-3.1834936,55.9447408,0,19.152,10,0
1519872211046,7.9804363,12.300196,15.385872,31.4,71.700005,290,96,71,52,16,20,11,3,2,0,0,0,0,0,0,0,561,-3.1834932,55.9447476,0,21.244,10,0
1519872218829,7.930898,12.312101,16.39268,31.4,71.700005,299,79,79,48,20,19,9,6,0,1,0,0,0,0,0,0,560,-3.1835214,55.9447561,0,26.702,10,1
1519872228580,8.529624,13.586534,19.106833,31.4,71.700005,307,125,80,57,22,30,13,6,2,1,0,0,0,0,0,0,643,-3.1834757,55.9447684,0,21.09,10,0
1519872235045,8.403974,12.900194,15.511828,31.4,71.700005,285,99,93,44,15,15,13,4,1,0,0,0,0,0,0,0,569,-3.1834909,55.9447489,0,19.121,10,0
1519872243484,7.4836965,11.915112,16.5768,31.5,71.8,285,82,76,46,28,24,11,2,2,1,0,0,0,0,0,0,557,-3.183519,55.944737,0,19.303,10,0
1519872251939,8.920258,13.700258,15.177375,31.5,71.8,310,114,88,52,22,26,12,2,0,0,0,0,0,0,0,0,626,-3.1835053,55.9447419,0,19.075,10,0
1519872260350,9.119252,14.318724,16.203499,31.5,71.8,295,107,100,62,22,17,16,3,0,0,0,0,0,0,0,0,622,-3.1835187,55.9447369,0,19.182,10,0
1519872268782,8.123812,13.060013,15.5057955,31.5,71.8,298,96,81,57,14,27,21,1,1,0,0,0,0,0,0,0,596,-3.1834909,55.9447482,0,19.081,10,0
1519872276642,7.454193,11.128661,12.351909,31.5,71.8,299,79,76,38,18,16,10,2,0,0,0,0,0,0,0,0,538,-3.1835039,55.9447434,0,14.759,10,0
1519872285002,7.9592924,12.480877,17.600296,31.5,71.8,304,105,68,57,20,24,17,2,0,0,1,0,0,0,0,0,598,-3.1834981,55.944744,0,12.033,10,0
1519872293438,7.6111,12.33405,15.552051,31.5,71.8,238,100,82,58,22,16,12,7,1,0,0,0,0,0,0,0,536,-3.1834937,55.9447534,0,11.85,10,0
1519872301221,8.168888,12.698318,14.28959,31.5,71.8,293,85,99,41,18,18,16,2,0,0,0,0,0,0,0,0,572,-3.1834967,55.9447498,0,11.052,10,0
1519872309007,7.361211,11.30905,12.626232,31.6,72.1,267,79,73,46,13,21,10,2,0,0,0,0,0,0,0,0,511,-3.1835045,55.9447388,144.800003051758,10.824,10,0
1519872317443,8.092827,12.466634,13.713638,31.6,72.1,264,95,92,52,19,19,9,2,0,0,0,0,0,0,0,0,552,-3.1834999,55.9447438,144.800003051758,11.425,10,0
1519872325872,8.705142,13.359443,15.175678,31.6,72.1,316,100,83,38,25,22,14,3,0,0,0,0,0,0,0,0,601,-3.1834989,55.9447439,0,11.097,10,0
1519872333657,8.218748,12.965496,14.443875,31.6,72.1,259,99,90,54,20,23,12,2,0,0,0,0,0,0,0,0,559,-3.1835045,55.9447457,0,11.732,10,0
1519872342093,7.936901,12.088352,14.632694,31.6,72.1,260,115,66,50,16,15,11,4,1,0,0,0,0,0,0,0,538,-3.1834999,55.9447501,0,12.297,10,0
1519872349229,7.7880473,12.395688,15.689907,31.6,72.1,272,74,85,48,19,16,14,3,2,0,0,0,0,0,0,0,533,-3.1834972,55.9447468,0,11.216,10,1
1519872357023,7.2438145,11.623894,13.42366,31.6,72.1,270,80,56,49,20,23,17,2,0,0,0,0,0,0,0,0,517,-3.1834994,55.944746,0,11.905,10,0
1519872364801,8.121613,12.486139,18.276108,31.6,72.1,287,100,65,48,22,27,8,2,1,0,1,0,0,0,0,0,561,-3.1834941,55.9447533,0,11.427,10,0
1519872373232,7.7197523,11.666499,14.971942,31.6,72.1,299,83,72,53,18,15,9,3,0,1,0,0,0,0,0,0,553,-3.1834987,55.9447544,0,12.105,10,0
1519872381666,7.494526,11.942723,17.478252,31.7,72.700005,286,97,66,56,27,21,12,3,3,1,0,0,0,0,0,0,572,-3.1834985,55.9447488,0,11.142,10,0
1519872390099,8.660084,13.682958,21.252449,31.7,72.700005,318,103,88,51,26,16,15,6,2,2,0,0,0,0,0,0,627,-3.1835036,55.944747,0,10.937,10,1
1519872397886,8.277274,12.59035,14.932498,31.7,72.700005,273,105,82,53,19,17,10,0,2,0,0,0,0,0,0,0,561,-3.1835038,55.9447476,0,10.665,10,0
1519872405690,7.478284,11.307027,12.683132,31.7,72.700005,284,90,59,51,21,20,7,3,0,0,0,0,0,0,0,0,535,-3.1835057,55.9447478,0,10.585,10,0
1519872414116,8.243509,13.102094,15.278412,31.7,72.700005,278,94,80,64,16,23,12,5,0,0,0,0,0,0,0,0,572,-3.1835013,55.944748,0,10.49,10,0
1519872421887,7.9935985,12.512799,17.61267,31.7,72.700005,290,97,73,45,16,19,17,2,2,1,0,0,0,0,0,0,562,-3.1835039,55.9447497,0,11.317,10,0
1519872430326,8.067781,12.911044,16.0811,31.7,72.700005,269,97,81,52,24,19,16,2,2,0,0,0,0,0,0,0,562,-3.1834979,55.9447491,0,11.179,10,0
1519872438759,8.35456,12.9086075,15.389773,31.7,72.700005,284,107,85,56,21,16,8,8,0,0,0,0,0,0,0,0,585,-3.1834994,55.9447516,0,11.873,10,0
1519872447194,7.7727027,12.099567,17.86913,31.7,72.700005,318,104,75,51,21,31,12,0,2,2,0,0,0,0,0,0,616,-3.1834965,55.9447536,0,12.026,10,0
1519872456271,8.158202,12.658583,16.524895,31.7,72.700005,293,85,87,51,22,23,5,6,0,1,0,0,0,0,0,0,573,-3.1835092,55.9447462,0,11.17,10,0
1519872464720,8.507392,13.629776,17.765871,31.7,72.700005,283,104,98,50,24,22,14,4,3,0,0,0,0,0,0,0,602,-3.1835054,55.9447466,0,10.928,10,0
1519872472492,8.416652,13.532295,15.830892,31.7,72.700005,269,99,85,65,18,22,14,5,0,0,0,0,0,0,0,0,577,-3.1834979,55.9447486,0,11.49,10,0
1519872480927,7.649017,11.81019,23.569899,31.7,72.700005,270,93,75,44,13,22,10,4,0,1,0,1,0,0,0,0,533,-3.1834986,55.9447457,144.800003051758,11.16,10,0
1519872489361,7.550286,12.292449,17.01757,31.7,72.700005,274,101,74,50,23,20,17,8,0,1,0,0,0,0,0,0,568,-3.1835102,55.9447363,144.800003051758,11.374,10,0
1519872497797,7.086475,10.853185,15.01257,31.7,72.700005,274,83,70,32,20,13,13,3,1,1,0,0,0,0,0,0,510,-3.1835057,55.9447409,0,11.477,10,0
1519872506229,7.4288793,11.669273,14.178373,31.7,72.700005,283,88,77,44,21,22,12,4,1,0,0,0,0,0,0,0,552,-3.1835042,55.9447427,0,11.388,10,0
1519872514660,7.3944426,11.450244,13.22785,31.7,72.700005,261,90,74,45,15,19,11,4,0,0,0,0,0,0,0,0,519,-3.1835017,55.9447443,0,11.777,10,0
1519872523100,7.3895216,11.389168,13.31257,31.9,72.9,295,94,65,43,25,22,13,1,1,0,0,0,0,0,0,0,559,-3.1834972,55.9447462,0,11.307,10,0
1519872530877,7.8063498,12.057071,17.022772,31.9,72.9,272,92,77,60,21,18,8,3,0,0,1,0,0,0,0,0,552,-3.1834979,55.9447466,0,12.487,10,0
1519872539317,7.94685,12.331236,14.09821,31.9,72.9,285,106,72,53,21,18,15,3,0,0,0,0,0,0,0,0,573,-3.183497,55.9447472,0,12.195,10,0
1519872547744,7.467861,12.080343,15.409832,31.9,72.9,273,89,83,46,24,24,14,4,2,0,0,0,0,0,0,0,559,-3.1834981,55.9447352,144.800003051758,11.167,10,0
1519872556180,8.604085,13.282643,14.405305,31.9,72.9,307,111,97,49,28,22,15,0,0,0,0,0,0,0,0,0,629,-3.1835023,55.9447372,0,10.934,10,0
1519872565267,7.551589,12.357612,14.689759,31.9,72.9,267,95,79,49,22,29,19,1,1,0,0,0,0,0,0,0,562,-3.1835012,55.9447343,144.800003051758,10.804,10,0
1519872573051,7.1130977,11.154916,13.571257,31.9,72.9,259,86,82,49,18,22,10,1,2,0,0,0,0,0,0,0,529,-3.1835016,55.944739,0,11.523,10,0
1519872581486,7.654138,12.012118,15.560702,31.9,72.9,316,97,76,42,25,31,12,4,0,1,0,0,0,0,0,0,604,-3.1835105,55.9447327,0,10.79,10,0
1519872590562,8.363512,13.230701,16.316856,31.9,72.9,293,105,97,51,28,20,14,3,2,0,0,0,0,0,0,0,613,-3.1835065,55.9447315,144.800003051758,10.529,10,0
1519872598346,7.410595,11.598926,13.023461,31.9,72.5,266,91,80,46,22,20,13,2,0,0,0,0,0,0,0,0,540,-3.1835032,55.9447368,0,10.465,9,0
1519872608077,7.477612,11.442347,12.859929,31.9,72.5,270,90,92,56,21,13,7,4,0,0,0,0,0,0,0,0,553,-3.183502,55.9447338,0,10.375,10,0
1519872616512,8.146199,13.212398,17.743996,31.9,72.5,292,108,87,47,19,23,17,9,2,0,0,0,0,0,0,0,604,-3.1835423,55.9447177,0,13.464,8,509
